Date,0
2010-01-06,0.0
2010-01-07,0.0
2010-01-08,0.0
2010-01-11,0.0
2010-01-12,0.0
2010-01-13,0.0
2010-01-14,0.0
2010-01-15,0.0
2010-01-19,0.0
2010-01-20,0.0
2010-01-21,0.0
2010-01-22,0.0
2010-01-25,0.0
2010-01-26,0.0
2010-01-27,0.0
2010-01-28,0.0
2010-01-29,0.0
2010-02-01,0.0
2010-02-02,0.0
2010-02-03,0.000257864617887682
2010-02-04,0.0
2010-02-05,-0.013171005633680316
2010-02-08,0.013485241834987394
2010-02-09,-0.02168883632985985
2010-02-10,-0.004573143010117353
2010-02-11,0.0
2010-02-12,0.008068368348372879
2010-02-16,0.0
2010-02-17,0.0
2010-02-18,0.0
2010-02-19,0.0
2010-02-22,0.0
2010-02-23,-0.0013671907282242213
2010-02-24,0.004094165813715467
2010-02-25,0.0
2010-02-26,0.0
2010-03-01,0.0
2010-03-02,0.0
2010-03-03,0.0
2010-03-04,0.0
2010-03-05,0.0012064343163539215
2010-03-08,0.0
2010-03-09,0.0
2010-03-10,0.003010132367549434
2010-03-11,0.0
2010-03-12,0.0002701242571583329
2010-03-15,0.0
2010-03-16,0.0
2010-03-17,0.0
2010-03-18,0.0029282316550806042
2010-03-19,0.010281531192387061
2010-03-22,0.0
2010-03-23,0.0
2010-03-24,0.0
2010-03-25,0.017543883320781384
2010-03-26,0.0
2010-03-29,0.0
2010-03-30,0.0006504817433675703
2010-03-31,0.013088357696275255
2010-04-01,0.0026241653800653797
2010-04-05,-0.02337248976334705
2010-04-06,0.0
2010-04-07,0.0
2010-04-08,0.0
2010-04-09,-0.0033714935724291073
2010-04-12,0.0
2010-04-13,0.0
2010-04-14,0.0
2010-04-15,0.0019177859232306083
2010-04-16,0.0
2010-04-19,-0.00043999766919766703
2010-04-20,0.012025355299678889
2010-04-21,-0.001146665328337959
2010-04-22,0.0
2010-04-23,0.0
2010-04-26,0.0
2010-04-27,0.0
2010-04-28,0.0005946110243726377
2010-04-29,0.0
2010-04-30,-0.007537681217588077
2010-05-03,0.0
2010-05-04,0.0
2010-05-05,-0.014076779081604176
2010-05-06,-0.01563019211973815
2010-05-07,0.0030407191961925317
2010-05-10,0.007426424996736403
2010-05-11,0.0
2010-05-12,0.0
2010-05-13,0.0
2010-05-14,0.0
2010-05-17,0.0
2010-05-18,0.017020174061054605
2010-05-19,-0.0043918957015386395
2010-05-20,-0.055319379386777
2010-05-21,0.03738203099320103
2010-05-24,-0.016079342220749693
2010-05-25,0.0
2010-05-26,0.0
2010-05-27,0.0
2010-05-28,0.0
2010-06-01,-0.0069637883008356605
2010-06-02,0.0
2010-06-03,0.0
2010-06-04,0.010471204188481686
2010-06-07,0.0
2010-06-08,-0.008676266627440254
2010-06-09,0.0
2010-06-10,-0.0073167882800790895
2010-06-11,0.0
2010-06-14,0.0
2010-06-15,-0.0002768549280177668
2010-06-16,0.0
2010-06-17,0.0
2010-06-18,0.0
2010-06-21,0.0
2010-06-22,0.0
2010-06-23,0.0
2010-06-24,0.0
2010-06-25,0.0
2010-06-28,0.0
2010-06-29,0.0
2010-06-30,-0.009158751696065115
2010-07-01,-0.018294337983822795
2010-07-02,0.003869897001736215
2010-07-06,0.0
2010-07-07,0.0
2010-07-08,-0.00981873111782472
2010-07-09,0.0
2010-07-12,-0.006333959337426864
2010-07-13,0.0
2010-07-14,0.0
2010-07-15,0.0
2010-07-16,0.00742600056001852
2010-07-19,0.0
2010-07-20,-0.0006709158000671178
2010-07-21,0.0
2010-07-22,0.0
2010-07-23,0.0
2010-07-26,0.0
2010-07-27,0.0
2010-07-28,0.0
2010-07-29,0.0
2010-07-30,0.0
2010-08-02,0.0
2010-08-03,-0.010725238363229583
2010-08-04,0.007799865675050532
2010-08-05,0.0
2010-08-06,0.0
2010-08-09,-0.009128487771271121
2010-08-10,0.0
2010-08-11,0.0
2010-08-12,-0.010712843040760756
2010-08-13,-0.004265117370429561
2010-08-16,0.0
2010-08-17,0.0
2010-08-18,0.0
2010-08-19,0.0
2010-08-20,0.0
2010-08-23,0.0
2010-08-24,0.0
2010-08-25,0.0
2010-08-26,0.0011565219152580575
2010-08-27,-0.008848895924719269
2010-08-30,0.0
2010-08-31,-0.0005246522119045638
2010-09-01,0.0
2010-09-02,-0.0038652537426526745
2010-09-03,0.0
2010-09-07,0.002122816165972874
2010-09-08,0.0
2010-09-09,0.0
2010-09-10,0.0
2010-09-13,0.0
2010-09-14,0.0
2010-09-15,-0.00028455425450248095
2010-09-16,0.0
2010-09-17,-0.007696752181416133
2010-09-20,-0.010693836349130958
2010-09-21,0.0
2010-09-22,0.0
2010-09-23,0.0
2010-09-24,0.018052605757871598
2010-09-27,0.0
2010-09-28,-0.010431412622042058
2010-09-29,0.0
2010-09-30,-0.006075562965575432
2010-10-01,-0.03833989496464468
2010-10-04,-0.0010552698295092273
2010-10-05,0.0
2010-10-06,-0.00476836739209241
2010-10-07,0.0
2010-10-08,0.008902079733651425
2010-10-11,-0.00037878265875951334
2010-10-12,0.0
2010-10-13,0.0
2010-10-14,0.0
2010-10-15,0.0
2010-10-18,0.011643455848428519
2010-10-19,0.0
2010-10-20,0.008912210748437413
2010-10-21,0.0
2010-10-22,4.3264472295967416e-05
2010-10-25,0.0
2010-10-26,0.0
2010-10-27,0.0
2010-10-28,0.0
2010-10-29,-0.01902313597893779
2010-11-01,0.0
2010-11-02,0.0
2010-11-03,0.0
2010-11-04,0.0
2010-11-05,-0.007880042428252687
2010-11-08,0.0
2010-11-09,0.0
2010-11-10,0.003695281409892004
2010-11-11,0.007683919447592891
2010-11-12,-0.05815915004531719
2010-11-15,0.010489062908975489
2010-11-16,0.0
2010-11-17,-0.002540373045576982
2010-11-18,0.0
2010-11-19,0.00966665581300477
2010-11-22,0.0
2010-11-23,0.0
2010-11-24,0.0
2010-11-26,0.0007453812053214159
2010-11-29,0.0
2010-11-30,0.0
2010-12-01,0.0
2010-12-02,-0.006451612903225823
2010-12-03,0.0
2010-12-06,0.0
2010-12-07,0.0
2010-12-08,0.0
2010-12-09,0.0
2010-12-10,0.0
2010-12-13,0.0
2010-12-14,0.0
2010-12-15,0.0
2010-12-16,0.009807126511931996
2010-12-17,0.0
2010-12-20,0.0
2010-12-21,0.0
2010-12-22,0.0
2010-12-23,0.0
2010-12-27,0.0
2010-12-28,0.0
2010-12-29,0.0
2010-12-30,0.0
2010-12-31,0.020182878326519438
2011-01-03,0.0010050683285323287
2011-01-04,0.0
2011-01-05,0.002237965005852799
2011-01-06,0.0051309076279245636
2011-01-07,-0.005813953488372103
2011-01-10,0.0
2011-01-11,-0.010143901486901086
2011-01-12,-0.01472372264003119
2011-01-13,-0.004733690706900051
2011-01-14,0.0
2011-01-18,0.0
2011-01-19,0.0
2011-01-20,0.0
2011-01-21,-0.0007829722158780306
2011-01-24,0.0
2011-01-25,0.0
2011-01-26,0.0
2011-01-27,0.010079821083065432
2011-01-28,0.0
2011-01-31,-0.01595033702898696
2011-02-01,0.0
2011-02-02,0.0
2011-02-03,0.0
2011-02-04,0.009363271800506112
2011-02-07,-0.004306367271608713
2011-02-08,0.0
2011-02-09,0.0
2011-02-10,0.0
2011-02-11,0.0
2011-02-14,0.0
2011-02-15,0.0
2011-02-16,-0.0013324711908701825
2011-02-17,0.0
2011-02-18,0.01299394802420789
2011-02-22,0.0
2011-02-23,-0.02620887847727066
2011-02-24,0.0021281087694987877
2011-02-25,0.0
2011-02-28,-0.0039950142241532705
2011-03-01,0.0
2011-03-02,0.011412670079720466
2011-03-03,0.0
2011-03-04,0.004307892362950261
2011-03-07,0.0
2011-03-08,0.00139109744072341
2011-03-09,0.0
2011-03-10,-0.01324965132496514
2011-03-11,0.012391619632984407
2011-03-14,0.0
2011-03-15,0.0
2011-03-16,0.00335074531233287
2011-03-17,0.0
2011-03-18,-0.0031429098622440996
2011-03-21,-0.002194586686174116
2011-03-22,0.0
2011-03-23,0.0
2011-03-24,0.0
2011-03-25,0.0
2011-03-28,0.0
2011-03-29,0.0
2011-03-30,-0.011449133137062473
2011-03-31,0.0
2011-04-01,0.0
2011-04-04,0.0
2011-04-05,0.0
2011-04-06,0.0
2011-04-07,0.0
2011-04-08,0.0
2011-04-11,0.010121388287461952
2011-04-12,0.0
2011-04-13,-0.0011717830428657667
2011-04-14,0.0
2011-04-15,0.0
2011-04-18,0.0
2011-04-19,-0.0054141852545900315
2011-04-20,0.0
2011-04-21,-0.006689971487425006
2011-04-25,0.0
2011-04-26,0.0
2011-04-27,0.010053731542428612
2011-04-28,0.0
2011-04-29,-0.01389191121044031
2011-05-02,0.0008975049362771603
2011-05-03,-0.012216161469285242
2011-05-04,-0.037497660388908116
2011-05-05,-0.025093812154513617
2011-05-06,-0.002875577103860549
2011-05-09,-0.027308221679444966
2011-05-10,-0.009799178368154544
2011-05-11,0.021262008904622876
2011-05-12,-0.009430657705585432
2011-05-13,0.0
2011-05-16,0.0
2011-05-17,0.0
2011-05-18,0.0
2011-05-19,0.0
2011-05-20,0.0
2011-05-23,0.0
2011-05-24,0.0
2011-05-25,0.0
2011-05-26,0.0
2011-05-27,0.0
2011-05-31,0.0
2011-06-01,0.0
2011-06-02,0.0
2011-06-03,0.0
2011-06-06,0.0
2011-06-07,0.0038857762515813743
2011-06-08,0.0
2011-06-09,0.0
2011-06-10,0.0
2011-06-13,0.0
2011-06-14,-0.004727902609769852
2011-06-15,0.0
2011-06-16,0.0027835599615664286
2011-06-17,0.0
2011-06-20,0.0
2011-06-21,0.0
2011-06-22,0.0
2011-06-23,0.0
2011-06-24,-0.00569162986817461
2011-06-27,0.0
2011-06-28,0.0
2011-06-29,0.0
2011-06-30,-0.008207667711264854
2011-07-01,0.004563228004303893
2011-07-05,0.0
2011-07-06,-0.0063055077394041925
2011-07-07,0.0
2011-07-08,-0.0693163909329979
2011-07-11,-0.021444501292965712
2011-07-12,0.0
2011-07-13,0.0
2011-07-14,-0.0070908092572309345
2011-07-15,0.0
2011-07-18,0.0
2011-07-19,0.0
2011-07-20,0.0
2011-07-21,0.0
2011-07-22,0.0
2011-07-25,0.0
2011-07-26,0.0
2011-07-27,0.0
2011-07-28,0.0
2011-07-29,0.0
2011-08-01,0.0
2011-08-02,0.0
2011-08-03,0.0
2011-08-04,-0.02868468714186504
2011-08-05,0.0008825758531211102
2011-08-08,-0.01890346928313047
2011-08-09,-0.014558495285261958
2011-08-10,0.0
2011-08-11,-0.009329303196564498
2011-08-12,-0.0009213406137256186
2011-08-15,0.0
2011-08-16,0.0
2011-08-17,0.0
2011-08-18,0.006273294926355588
2011-08-19,0.0
2011-08-22,0.0027454485460655653
2011-08-23,0.0
2011-08-24,0.009085113165444691
2011-08-25,0.010919143402438436
2011-08-26,0.0
2011-08-29,0.0
2011-08-30,0.0
2011-08-31,0.0
2011-09-01,0.0004933041663618409
2011-09-02,0.005235268866015441
2011-09-06,0.008522725348507065
2011-09-07,-0.0014661043591542855
2011-09-08,0.0
2011-09-09,0.0
2011-09-12,-0.00463949107393713
2011-09-13,-0.0022522522522522292
2011-09-14,0.0
2011-09-15,0.0
2011-09-16,0.0
2011-09-19,-0.004045397192315475
2011-09-20,-0.004294318438908096
2011-09-21,0.0
2011-09-22,0.0
2011-09-23,-0.02137414605401732
2011-09-26,-0.005115062668830253
2011-09-27,0.0
2011-09-28,0.01856805397530736
2011-09-29,0.0026563138536983555
2011-09-30,0.0
2011-10-03,0.002591949876497579
2011-10-04,0.0
2011-10-05,0.0
2011-10-06,-0.01826051720362387
2011-10-07,0.0050578642593663015
2011-10-10,0.0
2011-10-11,0.0
2011-10-12,0.009134711609789771
2011-10-13,0.0
2011-10-14,0.0
2011-10-17,0.0020253989503143943
2011-10-18,0.0
2011-10-19,0.0
2011-10-20,0.0
2011-10-21,0.0
2011-10-24,0.0
2011-10-25,0.0
2011-10-26,0.0
2011-10-27,0.0
2011-10-28,-0.00023966186687163216
2011-10-31,-0.0014019777862929184
2011-11-01,0.0
2011-11-02,0.012499999999999956
2011-11-03,0.0
2011-11-04,0.0
2011-11-07,0.0
2011-11-08,0.0
2011-11-09,0.0
2011-11-10,0.0
2011-11-11,0.0
2011-11-14,0.0
2011-11-15,0.0
2011-11-16,0.008433200177541011
2011-11-17,0.0
2011-11-18,-0.003235970537780677
2011-11-21,-0.021094821764592653
2011-11-22,0.0
2011-11-23,0.0
2011-11-25,0.0
2011-11-28,0.0
2011-11-29,0.0
2011-11-30,0.011423059047614537
2011-12-01,0.005753562979342319
2011-12-02,0.0
2011-12-05,0.0
2011-12-06,-0.0020764198875947715
2011-12-07,0.0
2011-12-08,0.023427331007664365
2011-12-09,0.015126389714576693
2011-12-12,0.0
2011-12-13,-0.019792182088075205
2011-12-14,0.0
2011-12-15,-0.0029026235997335337
2011-12-16,0.01162250116225011
2011-12-19,0.0
2011-12-20,-0.004991680532445919
2011-12-21,0.0
2011-12-22,0.0
2011-12-23,0.0
2011-12-27,0.0
2011-12-28,0.0006251302354657318
2011-12-29,0.0
2011-12-30,0.0
2012-01-03,0.0
2012-01-04,-0.001268443608440728
2012-01-05,0.018733840229516407
2012-01-06,0.0
2012-01-09,0.0
2012-01-10,0.0
2012-01-11,0.0
2012-01-12,-0.013878858090146828
2012-01-13,-0.006042332565227071
2012-01-17,0.0
2012-01-18,-0.003215440708325523
2012-01-19,0.0
2012-01-20,0.0
2012-01-23,0.0
2012-01-24,-0.005742535515868896
2012-01-25,0.0
2012-01-26,0.0
2012-01-27,0.0
2012-01-30,0.0
2012-01-31,0.0
2012-02-01,0.0
2012-02-02,0.0
2012-02-03,0.0
2012-02-06,-0.007464879660044554
2012-02-07,0.0
2012-02-08,0.0
2012-02-09,0.0
2012-02-10,0.0012724240093119343
2012-02-13,-0.002914890341659815
2012-02-14,0.0
2012-02-15,0.0
2012-02-16,0.0
2012-02-17,0.0
2012-02-21,0.0
2012-02-22,-0.0025071563854541234
2012-02-23,0.0
2012-02-24,0.002982190995450995
2012-02-27,0.0
2012-02-28,0.0
2012-02-29,0.03421558697184154
2012-03-01,0.009068911507066957
2012-03-02,0.013760712935657143
2012-03-05,0.0
2012-03-06,0.0018336551679870028
2012-03-07,0.010261194029850706
2012-03-08,0.0
2012-03-09,0.0
2012-03-12,0.0
2012-03-13,0.0
2012-03-14,0.0
2012-03-15,0.0
2012-03-16,0.0017647088742723804
2012-03-19,0.0
2012-03-20,0.0
2012-03-21,-0.00026481606407255387
2012-03-22,0.0
2012-03-23,0.006812436908177233
2012-03-26,0.0
2012-03-27,0.0
2012-03-28,0.0
2012-03-29,0.0
2012-03-30,0.0
2012-04-02,-0.004039171198505442
2012-04-03,0.003400414239083327
2012-04-04,0.0
2012-04-05,0.0027110544199578147
2012-04-09,0.0
2012-04-10,0.0
2012-04-11,0.0
2012-04-12,0.0
2012-04-13,0.0
2012-04-16,-0.01005565262783581
2012-04-17,0.0013064874862173392
2012-04-18,0.0
2012-04-19,0.0
2012-04-20,0.0
2012-04-23,0.0
2012-04-24,0.007972084236956
2012-04-25,0.0
2012-04-26,0.0077369592939490195
2012-04-27,0.0
2012-04-30,-0.022644092449253472
2012-05-01,0.0
2012-05-02,0.0
2012-05-03,0.0010296540362437767
2012-05-04,-0.01974840557634777
2012-05-07,-0.0036727257481467546
2012-05-08,0.0
2012-05-09,-0.005301019376209998
2012-05-10,0.0
2012-05-11,-0.0174162703785819
2012-05-14,-0.0049857549857549865
2012-05-15,0.0
2012-05-16,0.0
2012-05-17,-0.014872798434442225
2012-05-18,-0.010576227965217455
2012-05-21,-0.006292700467457779
2012-05-22,0.0
2012-05-23,0.005443886097152406
2012-05-24,0.0
2012-05-25,0.002163914554085933
2012-05-29,0.0
2012-05-30,0.0
2012-05-31,0.0
2012-06-01,0.0
2012-06-04,0.006121714786462618
2012-06-05,0.0
2012-06-06,-0.009246417013407338
2012-06-07,-0.007897693152507526
2012-06-08,0.00669913298110153
2012-06-11,0.0
2012-06-12,0.0
2012-06-13,0.0
2012-06-14,0.0
2012-06-15,0.005611198239276305
2012-06-18,-0.00047985742843648094
2012-06-19,0.0
2012-06-20,-0.004446381865736759
2012-06-21,0.0
2012-06-22,0.0023914298622272345
2012-06-25,0.0014822002623735564
2012-06-26,-0.007582574902612493
2012-06-27,0.0
2012-06-28,0.0
2012-06-29,0.0
2012-07-02,0.005666622784529382
2012-07-03,0.01886504430447722
2012-07-05,0.0
2012-07-06,0.0
2012-07-09,0.0
2012-07-10,0.0
2012-07-11,0.0
2012-07-12,0.0
2012-07-13,0.0
2012-07-16,0.0
2012-07-17,0.0
2012-07-18,0.0
2012-07-19,0.0
2012-07-20,0.0
2012-07-23,0.0
2012-07-24,-0.006761278580569574
2012-07-25,0.0
2012-07-26,0.0
2012-07-27,0.00044445461697051325
2012-07-30,0.0
2012-07-31,0.0
2012-08-01,0.0
2012-08-02,0.0
2012-08-03,-0.007363010566841799
2012-08-06,-0.006155476523961312
2012-08-07,0.0
2012-08-08,0.0
2012-08-09,0.0
2012-08-10,0.0
2012-08-13,-0.010973926204604467
2012-08-14,0.008793969849246186
2012-08-15,0.0
2012-08-16,0.0
2012-08-17,0.0
2012-08-20,-0.0021944983409536434
2012-08-21,0.0
2012-08-22,0.0
2012-08-23,0.0
2012-08-24,0.001665930538182342
2012-08-27,0.0
2012-08-28,-0.019062748212867353
2012-08-29,0.004116924232490049
2012-08-30,0.0
2012-08-31,0.0
2012-09-04,-0.002463507345486615
2012-09-05,-0.00040646322561721515
2012-09-06,0.0
2012-09-07,0.0
2012-09-10,-0.0017425689156553847
2012-09-11,0.0
2012-09-12,-0.011864949585468798
2012-09-13,0.0
2012-09-14,0.0
2012-09-17,0.005545600759004898
2012-09-18,-0.006663890442592885
2012-09-19,-0.017138250378166797
2012-09-20,0.0055644634615169735
2012-09-21,0.0
2012-09-24,0.0
2012-09-25,0.0
2012-09-26,0.0
2012-09-27,0.0
2012-09-28,-0.00348801977348423
2012-10-01,0.02430037181473571
2012-10-02,-0.01960047355963701
2012-10-03,0.0
2012-10-04,0.020251870430824437
2012-10-05,0.005853619900391201
2012-10-08,0.0
2012-10-09,0.0
2012-10-10,0.0
2012-10-11,0.0
2012-10-12,0.013255738764953118
2012-10-15,0.0
2012-10-16,0.00328676044536802
2012-10-17,-0.020037402989181663
2012-10-18,0.000899045649569552
2012-10-19,0.0
2012-10-22,-0.003164870231518069
2012-10-23,0.0
2012-10-24,-0.005848611258696068
2012-10-25,0.0006252605252188292
2012-10-26,0.0
2012-10-31,0.0
2012-11-01,-0.0009479915559008623
2012-11-02,0.0
2012-11-05,0.003463548294022789
2012-11-06,0.0
2012-11-07,0.010025440049164279
2012-11-08,0.0038488505310940724
2012-11-09,0.0
2012-11-12,-0.0141184573002755
2012-11-13,-0.003934712911687566
2012-11-14,-0.0038927432384939786
2012-11-15,0.0
2012-11-16,0.0
2012-11-19,0.0
2012-11-20,0.0013873990097683642
2012-11-21,0.0
2012-11-23,0.0
2012-11-26,0.010239154143483309
2012-11-27,0.0
2012-11-28,-0.0017182130584192379
2012-11-29,0.0
2012-11-30,0.0
2012-12-03,0.0
2012-12-04,0.0
2012-12-05,0.0
2012-12-06,0.0
2012-12-07,0.0
2012-12-10,0.0
2012-12-11,0.0
2012-12-12,-0.0068259385665528916
2012-12-13,0.0
2012-12-14,-0.0008828873714135099
2012-12-17,0.0
2012-12-18,0.0
2012-12-19,-0.009890859481582526
2012-12-20,-0.007226275005914606
2012-12-21,0.004506285335103943
2012-12-24,0.0
2012-12-26,0.0
2012-12-27,0.0009099832038743372
2012-12-28,0.0
2012-12-31,0.0
2013-01-02,0.0
2013-01-03,0.0
2013-01-04,-0.006544502487092707
2013-01-07,0.0
2013-01-08,0.011468901632112949
2013-01-09,0.0
2013-01-10,-0.01018255855073269
2013-01-11,0.0
2013-01-14,0.0
2013-01-15,0.01584175372495289
2013-01-16,0.008135833038556806
2013-01-17,0.0
2013-01-18,0.0
2013-01-22,0.0
2013-01-23,0.0004518752824220762
2013-01-24,0.0
2013-01-25,0.014296071685566958
2013-01-28,0.0032911477321643234
2013-01-29,0.0
2013-01-30,0.0
2013-01-31,0.0
2013-02-01,0.0
2013-02-04,0.0
2013-02-05,0.0024435958700833593
2013-02-06,0.0
2013-02-07,0.0
2013-02-08,0.0006999452103574333
2013-02-11,0.0
2013-02-12,0.0
2013-02-13,0.0
2013-02-14,0.0
2013-02-15,0.0
2013-02-19,0.0
2013-02-20,-0.009601510602991581
2013-02-21,-0.006476841487606762
2013-02-22,0.0019415989592862504
2013-02-25,0.0
2013-02-26,0.0
2013-02-27,-0.005723802588275123
2013-02-28,0.005153503021330108
2013-03-01,0.012785618466124249
2013-03-04,-0.0016417438110523652
2013-03-05,0.0
2013-03-06,-0.00043726111028152825
2013-03-07,0.0024717514124293904
2013-03-08,0.0
2013-03-11,-0.0023596035865974807
2013-03-12,0.0
2013-03-13,0.0
2013-03-14,0.0
2013-03-15,0.0
2013-03-18,0.0
2013-03-19,-0.0012996717344372355
2013-03-20,0.0
2013-03-21,0.0
2013-03-22,0.0
2013-03-25,0.0
2013-03-26,0.0
2013-03-27,0.0
2013-03-28,0.0
2013-04-01,-0.020121775776606565
2013-04-02,-0.004409271733666065
2013-04-03,-0.007617764501097107
2013-04-04,-0.003210330029404615
2013-04-05,0.0
2013-04-08,0.0031456233934529787
2013-04-09,-0.0077803203661327425
2013-04-10,0.003781721182009673
2013-04-11,0.0
2013-04-12,0.0
2013-04-15,-0.05156427260602539
2013-04-16,0.00791818984507105
2013-04-17,0.0
2013-04-18,0.002587828791227542
2013-04-19,0.0
2013-04-22,0.0
2013-04-23,0.0
2013-04-24,0.0
2013-04-25,0.0
2013-04-26,0.0
2013-04-29,0.0
2013-04-30,0.0024951753337456952
2013-05-01,0.0
2013-05-02,0.010598157941206554
2013-05-03,-0.004526808653714243
2013-05-06,0.0005281401565971344
2013-05-07,0.0
2013-05-08,0.0
2013-05-09,0.0
2013-05-10,0.0
2013-05-13,0.0
2013-05-14,0.0
2013-05-15,0.0
2013-05-16,-0.0009434345149713086
2013-05-17,0.0
2013-05-20,0.0
2013-05-21,0.0
2013-05-22,0.0
2013-05-23,0.0
2013-05-24,0.0
2013-05-28,0.0
2013-05-29,0.005979114653107298
2013-05-30,0.0
2013-05-31,0.0
2013-06-03,0.0
2013-06-04,-0.004886363013069069
2013-06-05,0.0
2013-06-06,0.0
2013-06-07,0.00013067232358943137
2013-06-10,0.004232415222708008
2013-06-11,0.0
2013-06-12,0.0
2013-06-13,0.0
2013-06-14,0.001188848042618651
2013-06-17,-0.0044695951249170696
2013-06-18,-0.017882155515982268
2013-06-19,0.0
2013-06-20,0.004596888260254617
2013-06-21,-6.911379325103689e-05
2013-06-24,0.0
2013-06-25,-0.0023932253313696528
2013-06-26,0.0
2013-06-27,0.013811945440735718
2013-06-28,-0.002732245183365456
2013-07-01,0.0
2013-07-02,0.015218118439215944
2013-07-03,0.0
2013-07-05,0.0
2013-07-08,0.0
2013-07-09,0.0
2013-07-10,0.0
2013-07-11,0.012142054252421597
2013-07-12,0.0
2013-07-15,-0.03502318886934269
2013-07-16,0.007893138675597822
2013-07-17,0.0
2013-07-18,0.0
2013-07-19,0.003016789308590506
2013-07-22,0.0
2013-07-23,0.0
2013-07-24,0.0
2013-07-25,0.0
2013-07-26,0.0
2013-07-29,0.0
2013-07-30,-0.00029551503654678957
2013-07-31,0.0
2013-08-01,0.0
2013-08-02,0.0
2013-08-05,0.0
2013-08-06,0.0040681906237892695
2013-08-07,0.0
2013-08-08,-0.0048006240022668845
2013-08-09,-0.005809525677145544
2013-08-12,0.0007049178647920429
2013-08-13,-9.374906116821347e-05
2013-08-14,0.0
2013-08-15,0.0
2013-08-16,0.00610715027731884
2013-08-19,0.0
2013-08-20,0.007815081571793392
2013-08-21,-0.027320856001542382
2013-08-22,0.00023831059699308543
2013-08-23,0.0
2013-08-26,0.0
2013-08-27,0.003054600992745349
2013-08-28,-0.009096249705516701
2013-08-29,0.0
2013-08-30,-0.002928491623232221
2013-09-03,0.0
2013-09-04,-5.235121456065306e-05
2013-09-05,-0.019963163376935045
2013-09-06,-0.00629371688024194
2013-09-09,0.0
2013-09-10,0.0
2013-09-11,0.0
2013-09-12,0.0
2013-09-13,0.0
2013-09-16,0.007222222222222241
2013-09-17,-0.002132393843871705
2013-09-18,0.0
2013-09-19,0.0
2013-09-20,0.01796356688080719
2013-09-23,-0.0019200749297533792
2013-09-24,0.0
2013-09-25,0.0
2013-09-26,0.0
2013-09-27,0.0
2013-09-30,0.018079391602171646
2013-10-01,-0.02402746494810326
2013-10-02,-0.005185604181841108
2013-10-03,0.0
2013-10-04,0.0
2013-10-07,0.0
2013-10-08,-0.010054368087437981
2013-10-09,0.0
2013-10-10,0.0
2013-10-11,0.0023256004394749397
2013-10-14,0.0
2013-10-15,0.0
2013-10-16,0.0
2013-10-17,0.0
2013-10-18,0.0006017150968028462
2013-10-21,0.004250797024442088
2013-10-22,0.0
2013-10-23,0.0
2013-10-24,-0.0038454459403280405
2013-10-25,0.0
2013-10-28,0.0
2013-10-29,-0.0007823713548235078
2013-10-30,-0.003523064030879819
2013-10-31,0.0
2013-11-01,-0.0006412577178074863
2013-11-04,-0.0010910365814167378
2013-11-05,0.0
2013-11-06,0.001096491228070151
2013-11-07,0.0
2013-11-08,0.0
2013-11-11,-0.0007656967840734552
2013-11-12,0.0
2013-11-13,0.0
2013-11-14,-0.0004740867490963807
2013-11-15,0.0
2013-11-18,0.002733307301835186
2013-11-19,0.0028169121540768116
2013-11-20,0.0023068050749711633
2013-11-21,0.0
2013-11-22,0.003143368022669457
2013-11-25,0.0
2013-11-26,-0.005782220635628943
2013-11-27,0.0
2013-11-29,0.0
2013-12-02,0.018717808541381886
2013-12-03,-0.00300840631159624
2013-12-04,0.0
2013-12-05,0.0021295997174574643
2013-12-06,0.002178137223856791
2013-12-09,0.0
2013-12-10,0.0
2013-12-11,0.0015446864459118803
2013-12-12,0.0
2013-12-13,0.0006163454501178223
2013-12-16,0.0
2013-12-17,0.0
2013-12-18,-0.0015431383269184917
2013-12-19,0.0
2013-12-20,0.001936200339993338
2013-12-23,0.0066869668844870556
2013-12-24,0.0
2013-12-26,-0.004681794392283445
2013-12-27,0.0014662756598240456
2013-12-30,0.0
2013-12-31,0.0012583079420627197
2014-01-02,0.010756510602637603
2014-01-03,-0.0070930621504892155
2014-01-06,0.0
2014-01-07,0.0
2014-01-08,0.0
2014-01-09,-0.003933825065421744
2014-01-10,0.0059924915711147
2014-01-13,0.0019323531711100683
2014-01-14,-0.011113685828364472
2014-01-15,0.0
2014-01-16,0.0
2014-01-17,0.0
2014-01-21,0.0
2014-01-22,-0.0003904724716907726
2014-01-23,-0.004371922397068184
2014-01-24,-0.00017914725904688567
2014-01-27,0.023977606525442008
2014-01-28,0.0005934627544278426
2014-01-29,0.0
2014-01-30,0.04912722584781681
2014-01-31,-0.006785104220460747
2014-02-03,-0.007801043358648396
2014-02-04,-0.004089780471777882
2014-02-05,-0.0025662959794696683
2014-02-06,0.0
2014-02-07,-0.0018410318000924297
2014-02-10,0.0042895064526072835
2014-02-11,0.0
2014-02-12,0.0
2014-02-13,-6.224284358788412e-05
2014-02-14,0.0
2014-02-18,-0.011209225755933083
2014-02-19,0.0
2014-02-20,0.0
2014-02-21,0.0
2014-02-24,0.0
2014-02-25,0.0
2014-02-26,-0.004929241835344544
2014-02-27,-0.0018175777784302516
2014-02-28,0.012493267151751253
2014-03-03,0.0332726162463467
2014-03-04,0.0018481787577627976
2014-03-05,0.0015731515469323276
2014-03-06,0.0
2014-03-07,0.0
2014-03-10,-0.0072865519311753335
2014-03-11,-0.0027303153073806596
2014-03-12,0.0
2014-03-13,0.0
2014-03-14,0.0
2014-03-17,0.007146638433033314
2014-03-18,0.0
2014-03-19,0.0
2014-03-20,0.0
2014-03-21,0.0
2014-03-24,-0.004183819705824043
2014-03-25,0.019198959849920705
2014-03-26,0.013016666307261171
2014-03-27,0.0
2014-03-28,0.008607079885635693
2014-03-31,0.0
2014-04-01,0.0
2014-04-02,-0.0039291886454791425
2014-04-03,0.0
2014-04-04,0.0
2014-04-07,0.0
2014-04-08,0.005339204916767537
2014-04-09,0.0
2014-04-10,0.0
2014-04-11,0.0
2014-04-14,0.0
2014-04-15,0.0
2014-04-16,0.0037221107311907753
2014-04-17,0.0
2014-04-21,0.004640386748010927
2014-04-22,0.0037594220891179475
2014-04-23,-0.003378022278310744
2014-04-24,0.0
2014-04-25,0.0015143932157616335
2014-04-28,0.0
2014-04-29,0.0
2014-04-30,0.0
2014-05-01,-0.011453913403568161
2014-05-02,-0.0016972947468678473
2014-05-05,-0.0007182402292419399
2014-05-06,0.0
2014-05-07,0.0
2014-05-08,0.0
2014-05-09,0.0
2014-05-12,0.0
2014-05-13,0.0
2014-05-14,0.0
2014-05-15,0.0
2014-05-16,0.0
2014-05-19,0.0
2014-05-20,0.0
2014-05-21,0.0
2014-05-22,0.0
2014-05-23,0.0
2014-05-27,0.0
2014-05-28,-0.0024102953486040968
2014-05-29,0.0
2014-05-30,-0.0006964313120264576
2014-06-02,0.0
2014-06-03,0.0
2014-06-04,0.0
2014-06-05,0.0
2014-06-06,0.0014758240310731585
2014-06-09,0.006682409675916018
2014-06-10,0.002136563459548657
2014-06-11,0.00457706192115398
2014-06-12,0.0
2014-06-13,0.0009722876672556555
2014-06-16,-0.0017605476149860078
2014-06-17,0.0
2014-06-18,-0.006051543397922021
2014-06-19,-0.011694233638121054
2014-06-20,-0.005302295893111431
2014-06-23,0.0
2014-06-24,0.0
2014-06-25,0.0016055838284687318
2014-06-26,0.0
2014-06-27,0.0
2014-06-30,-0.007302619084391171
2014-07-01,-0.0030972815345049476
2014-07-02,-0.0019663372239675514
2014-07-03,-0.0019216060666880086
2014-07-07,0.0
2014-07-08,0.0002293577981651307
2014-07-09,0.0
2014-07-10,0.0
2014-07-11,-0.0011611295977205227
2014-07-14,0.011964631546562687
2014-07-15,0.00885144590011977
2014-07-16,0.004270388125216629
2014-07-17,0.0
2014-07-18,0.00029075097668668226
2014-07-21,-0.0020514847546211357
2014-07-22,0.0
2014-07-23,0.0
2014-07-24,0.0
2014-07-25,0.009350928642264278
2014-07-28,0.004767267746104198
2014-07-29,0.0
2014-07-30,0.0
2014-07-31,0.0
2014-08-01,0.0
2014-08-04,-0.003534577515275694
2014-08-05,0.0
2014-08-06,0.0
2014-08-07,0.0
2014-08-08,0.0
2014-08-11,0.0
2014-08-12,-0.0018852763636548753
2014-08-13,0.0
2014-08-14,0.014197608814265461
2014-08-15,-0.009764025428840015
2014-08-18,0.010723605460749464
2014-08-19,0.0
2014-08-20,-0.0017840531734801268
2014-08-21,-0.00435869169985853
2014-08-22,0.0019235395312507952
2014-08-25,0.0
2014-08-26,0.0
2014-08-27,0.0
2014-08-28,0.0
2014-08-29,0.0
2014-09-02,0.0
2014-09-03,0.004425737993039247
2014-09-04,-0.003485314088012559
2014-09-05,0.0
2014-09-08,0.01046176046176045
2014-09-09,0.0
2014-09-10,-0.006539937402239793
2014-09-11,-0.004633600880632693
2014-09-12,0.0
2014-09-15,0.0
2014-09-16,-0.0018440416330255949
2014-09-17,0.002927229294761635
2014-09-18,0.00011576053977574441
2014-09-19,-0.006801223029549275
2014-09-22,-0.002305852645761053
2014-09-23,-0.002485784630806842
2014-09-24,0.0
2014-09-25,0.0
2014-09-26,0.0
2014-09-29,-0.008111615914194292
2014-09-30,0.0
2014-10-01,-0.007626284814798656
2014-10-02,-0.010606170058888559
2014-10-03,0.0
2014-10-06,0.006081194679528057
2014-10-07,-0.004807323870317125
2014-10-08,-0.003745876808413817
2014-10-09,0.0
2014-10-10,0.001469857773031158
2014-10-13,0.017964071856287456
2014-10-14,-0.01589595375722541
2014-10-15,-0.003508468599715338
2014-10-16,-0.004326847004067491
2014-10-17,0.0
2014-10-20,0.0
2014-10-21,0.0
2014-10-22,0.0
2014-10-23,0.0
2014-10-24,0.004030891183203711
2014-10-27,0.0
2014-10-28,0.0
2014-10-29,0.0
2014-10-30,0.0
2014-10-31,-0.010423150387008584
2014-11-03,-0.0007257925058979375
2014-11-04,-0.010257066612359589
2014-11-05,0.0
2014-11-06,-0.0034653465346534684
2014-11-07,-0.0009083076968384729
2014-11-10,0.004274965889508597
2014-11-11,0.0
2014-11-12,-0.004004962162103665
2014-11-13,-0.010133578995854431
2014-11-14,0.006221996297126137
2014-11-17,0.004634207418550723
2014-11-18,0.01117255474317852
2014-11-19,0.0
2014-11-20,0.0
2014-11-21,0.0
2014-11-24,0.00302057005016243
2014-11-25,0.0
2014-11-26,0.0
2014-11-28,0.0
2014-12-01,0.011168239951819947
2014-12-02,0.004765567921734146
2014-12-03,0.0
2014-12-04,0.0
2014-12-05,0.0
2014-12-08,0.0
2014-12-09,0.0
2014-12-10,0.0010556133113834854
2014-12-11,0.0
2014-12-12,0.0005193905817174604
2014-12-15,0.0
2014-12-16,0.0
2014-12-17,0.0
2014-12-18,0.0
2014-12-19,0.0
2014-12-22,0.0
2014-12-23,0.004293885170213008
2014-12-24,0.0
2014-12-26,0.0
2014-12-29,0.0
2014-12-30,0.0
2014-12-31,0.0
2015-01-02,-0.0057242294795776805
2015-01-05,0.0031757287262990097
2015-01-06,-0.02433296423056286
2015-01-07,0.003026232457314759
2015-01-08,0.0
2015-01-09,0.0030140656396517307
2015-01-12,0.0
2015-01-13,-0.0066600888011840165
2015-01-14,-0.01483653103760832
2015-01-15,0.017115798143369235
2015-01-16,-0.00482330739037462
2015-01-20,0.0
2015-01-21,0.0067415730337078705
2015-01-22,-0.008941093969144442
2015-01-23,0.0
2015-01-26,0.005932772059014879
2015-01-27,0.0
2015-01-28,0.0
2015-01-29,0.0
2015-01-30,0.011236999136984893
2015-02-02,-0.017167807405804442
2015-02-03,-0.021837157931831608
2015-02-04,0.007323439266617216
2015-02-05,0.01454410510563664
2015-02-06,-0.001188777936281471
2015-02-09,0.0
2015-02-10,0.0006975933031043158
2015-02-11,0.0
2015-02-12,0.0
2015-02-13,0.0
2015-02-17,0.0
2015-02-18,0.0
2015-02-19,0.0
2015-02-20,0.0
2015-02-23,0.0
2015-02-24,0.0
2015-02-25,0.01840901978807319
2015-02-26,0.0
2015-02-27,0.006859462459372967
2015-03-02,0.0
2015-03-03,0.013829269155409829
2015-03-04,0.0
2015-03-05,0.0
2015-03-06,0.0
2015-03-09,0.0009879086317166053
2015-03-10,0.0
2015-03-11,0.0
2015-03-12,0.0
2015-03-13,0.0
2015-03-16,0.0
2015-03-17,0.0
2015-03-18,-0.0053802008608321295
2015-03-19,-0.003761213381454964
2015-03-20,-0.016462721149822536
2015-03-23,-0.0017495853055222305
2015-03-24,0.0
2015-03-25,0.0
2015-03-26,0.0
2015-03-27,0.0
2015-03-30,-0.008067246211518775
2015-03-31,0.0
2015-04-01,0.0073089700996678
2015-04-02,-0.007032796220703963
2015-04-06,0.007849286218926776
2015-04-07,-0.005526275942446257
2015-04-08,0.0
2015-04-09,0.005749764539033531
2015-04-10,0.0
2015-04-13,0.0
2015-04-14,0.0
2015-04-15,0.0
2015-04-16,0.0
2015-04-17,0.0
2015-04-20,0.0
2015-04-21,-0.011032298748221647
2015-04-22,0.0
2015-04-23,0.0
2015-04-24,-0.014785599708951436
2015-04-27,-0.00501903772931811
2015-04-28,-0.005227931852851253
2015-04-29,0.0
2015-04-30,0.0
2015-05-01,-0.007794920862208787
2015-05-04,0.0
2015-05-05,0.0
2015-05-06,0.0
2015-05-07,0.0
2015-05-08,-0.0007117282886813237
2015-05-11,0.0
2015-05-12,0.0030110911227614334
2015-05-13,0.0
2015-05-14,-0.007031982977410256
2015-05-15,-0.009217737917289526
2015-05-18,0.0
2015-05-19,0.0
2015-05-20,0.006378545615094142
2015-05-21,0.0
2015-05-22,0.0
2015-05-26,0.0
2015-05-27,-0.005825734549138817
2015-05-28,0.0
2015-05-29,0.0
2015-06-01,0.005964257987039909
2015-06-02,0.0
2015-06-03,0.002923199574807356
2015-06-04,0.0009196437853820072
2015-06-05,0.0
2015-06-08,0.0
2015-06-09,-0.026062853309020806
2015-06-10,-0.007905846273293826
2015-06-11,0.0
2015-06-12,0.0012068335561258303
2015-06-15,0.0
2015-06-16,-0.004209541627689384
2015-06-17,-0.006005221932114835
2015-06-18,-0.0011800723558528237
2015-06-19,0.0
2015-06-22,0.0
2015-06-23,0.010017402064788072
2015-06-24,0.003686728299454267
2015-06-25,0.0
2015-06-26,-0.0008466644870216422
2015-06-29,0.0026801711637984282
2015-06-30,0.0
2015-07-01,-0.00013796765801939626
2015-07-02,0.004770935131162224
2015-07-06,0.0
2015-07-07,-0.001973814185845935
2015-07-08,0.008700276927065709
2015-07-09,0.0
2015-07-10,0.0
2015-07-13,0.0
2015-07-14,0.0
2015-07-15,0.0
2015-07-16,0.0
2015-07-17,0.0
2015-07-20,0.0
2015-07-21,-0.0014908859236499872
2015-07-22,0.0
2015-07-23,0.0
2015-07-24,0.0
2015-07-27,0.0
2015-07-28,0.0005442364910716035
2015-07-29,0.0
2015-07-30,0.0
2015-07-31,0.0
2015-08-03,0.0
2015-08-04,0.008393402421054852
2015-08-05,0.0
2015-08-06,0.0
2015-08-07,0.0
2015-08-10,-0.017715559960356786
2015-08-11,0.011296035527733568
2015-08-12,0.0
2015-08-13,0.01957478701863699
2015-08-14,0.002511693161184936
2015-08-17,0.0
2015-08-18,0.0
2015-08-19,0.013153443794967301
2015-08-20,0.0
2015-08-21,-0.002862088285315534
2015-08-24,0.0
2015-08-25,-0.00708875851081774
2015-08-26,-0.009679522455861178
2015-08-27,0.0
2015-08-28,-0.01770191890654302
2015-08-31,0.0
2015-09-01,0.05183817106225115
2015-09-02,0.010604766782940422
2015-09-03,0.0
2015-09-04,0.0030864062558343397
2015-09-08,0.0
2015-09-09,-0.0008202146891661544
2015-09-10,0.0
2015-09-11,0.0
2015-09-14,-0.006008010680907838
2015-09-15,0.0
2015-09-16,0.0
2015-09-17,0.0
2015-09-18,0.0
2015-09-21,0.002196643575809676
2015-09-22,0.0
2015-09-23,0.0
2015-09-24,0.0
2015-09-25,0.0
2015-09-28,0.007028394714647168
2015-09-29,0.0010661761281243187
2015-09-30,0.0
2015-10-01,0.0
2015-10-02,-0.010180976599882152
2015-10-05,-0.014583459910674557
2015-10-06,-0.001723281498611895
2015-10-07,0.0
2015-10-08,0.0
2015-10-09,0.0
2015-10-12,0.0
2015-10-13,-0.008945846071709635
2015-10-14,0.0013488207377975736
2015-10-15,0.0
2015-10-16,0.0
2015-10-19,0.0
2015-10-20,0.0
2015-10-21,0.0
2015-10-22,0.0
2015-10-23,0.0019193686981149316
2015-10-26,-0.04899387047321496
2015-10-27,0.007028904152521109
2015-10-28,0.0
2015-10-29,-0.001306081303540374
2015-10-30,-0.015066446371785891
2015-11-02,0.0
2015-11-03,-0.0048835164059377045
2015-11-04,0.0
2015-11-05,0.00421301140129704
2015-11-06,-0.002662543599865619
2015-11-09,0.0
2015-11-10,-0.01096163428001995
2015-11-11,0.0
2015-11-12,0.0
2015-11-13,0.0
2015-11-16,0.0
2015-11-17,0.0
2015-11-18,0.0
2015-11-19,0.0
2015-11-20,0.0
2015-11-23,0.0009993248672131028
2015-11-24,0.0
2015-11-25,0.0021913379108308706
2015-11-27,-0.005243639324617577
2015-11-30,0.0
2015-12-01,0.0
2015-12-02,0.0
2015-12-03,0.0
2015-12-04,-0.0005154816045855881
2015-12-07,0.006978617186415181
2015-12-08,-0.00444337414601817
2015-12-09,0.00906618313689933
2015-12-10,0.008023431106364665
2015-12-11,0.0
2015-12-14,-0.007812495935219099
2015-12-15,0.0
2015-12-16,0.0
2015-12-17,0.018814206835841785
2015-12-18,0.010917383933671865
2015-12-21,-0.006181650929112603
2015-12-22,0.006017792189078053
2015-12-23,0.0
2015-12-24,-0.009223451445981579
2015-12-28,0.0
2015-12-29,-0.03231599152008868
2015-12-30,0.0
2015-12-31,0.0
2016-01-04,0.0
2016-01-05,0.0
2016-01-06,0.0
2016-01-07,-0.008580226664254731
2016-01-08,0.0
2016-01-11,0.0
2016-01-12,-0.007236388697450025
2016-01-13,0.0
2016-01-14,0.0
2016-01-15,0.0
2016-01-19,0.0025597269624573205
2016-01-20,-0.011297124029451766
2016-01-21,0.0
2016-01-22,-0.0450389075213673
2016-01-25,0.028389736409348904
2016-01-26,0.0
2016-01-27,0.0
2016-01-28,0.0
2016-01-29,0.008354940939210631
2016-02-01,0.0
2016-02-02,0.018654114365411423
2016-02-03,0.0
2016-02-04,0.0
2016-02-05,-0.0021583789100884654
2016-02-08,0.0
2016-02-09,-0.0006210152549859238
2016-02-10,0.0
2016-02-11,0.0
2016-02-12,0.0035259430467023956
2016-02-16,0.02072323500735543
2016-02-17,0.0
2016-02-18,0.0
2016-02-19,0.0
2016-02-22,0.0
2016-02-23,0.003723558001201721
2016-02-24,0.0010714190346853836
2016-02-25,0.0
2016-02-26,0.0
2016-02-29,0.0
2016-03-01,0.0
2016-03-02,-0.002761796071919176
2016-03-03,0.0
2016-03-04,-0.010344347054098202
2016-03-07,-0.001723147616312426
2016-03-08,0.0
2016-03-09,0.0025918685343667702
2016-03-10,0.0021205308165723746
2016-03-11,0.0
2016-03-14,0.0
2016-03-15,0.0
2016-03-16,0.0
2016-03-17,0.0
2016-03-18,0.005485810694281723
2016-03-21,0.0
2016-03-22,0.0
2016-03-23,0.0
2016-03-24,-0.00840839793476511
2016-03-28,0.0022054094306552807
2016-03-29,0.0
2016-03-30,0.0
2016-03-31,-0.003305833662463638
2016-04-01,0.0035561877667140696
2016-04-04,0.0
2016-04-05,0.0
2016-04-06,0.0017960762641613393
2016-04-07,0.006401840776203704
2016-04-08,0.002892225842205387
2016-04-11,-0.010532382926975187
2016-04-12,0.0
2016-04-13,-0.005244764183460315
2016-04-14,0.0016925317452563815
2016-04-15,0.0
2016-04-18,-0.010305865039992534
2016-04-19,-0.004344304807500476
2016-04-20,-0.004207564077271186
2016-04-21,0.0
2016-04-22,0.0
2016-04-25,0.005504643882246474
2016-04-26,0.0
2016-04-27,0.0
2016-04-28,0.0
2016-04-29,0.0
2016-05-02,0.0
2016-05-03,0.0
2016-05-04,-0.010178922899297282
2016-05-05,0.0
2016-05-06,0.0
2016-05-09,0.0019691499835904347
2016-05-10,0.00693080941174995
2016-05-11,0.002904275092936781
2016-05-12,-0.0005690613348545703
2016-05-13,0.0
2016-05-16,0.0
2016-05-17,0.0
2016-05-18,0.0
2016-05-19,0.0
2016-05-20,0.0012136357775498485
2016-05-23,0.0
2016-05-24,0.0
2016-05-25,0.0008728519170322357
2016-05-26,0.0
2016-05-27,0.0
2016-05-31,-0.018208533845639974
2016-06-01,0.0
2016-06-02,0.0
2016-06-03,0.0
2016-06-06,-0.0014990545326264426
2016-06-07,0.0
2016-06-08,0.0028034814922793805
2016-06-09,-0.008398156544443758
2016-06-10,0.0
2016-06-13,-0.0029530882092752425
2016-06-14,0.0
2016-06-15,0.0
2016-06-16,0.0
2016-06-17,0.01711874811269984
2016-06-20,-0.017666427085017006
2016-06-21,-0.032874084816445104
2016-06-22,-0.004100946372239733
2016-06-23,0.0
2016-06-24,0.0
2016-06-27,-0.008623454609501856
2016-06-28,0.0
2016-06-29,0.009256108709715771
2016-06-30,0.016090299858662005
2016-07-01,0.0
2016-07-05,-0.008237786171820471
2016-07-06,-0.0004161216834037418
2016-07-07,0.0
2016-07-08,0.016836613706426418
2016-07-11,-0.004130523281498127
2016-07-12,0.0
2016-07-13,0.0
2016-07-14,0.004784688995215336
2016-07-15,0.0
2016-07-18,0.0032626427406199365
2016-07-19,0.0
2016-07-20,0.0
2016-07-21,0.0
2016-07-22,0.0
2016-07-25,0.0
2016-07-26,0.0
2016-07-27,0.0
2016-07-28,0.0
2016-07-29,-0.000522106000422351
2016-08-01,0.0
2016-08-02,0.005126452494873535
2016-08-03,0.0
2016-08-04,0.0003341129301703827
2016-08-05,0.0
2016-08-08,-0.0007128906693765757
2016-08-09,0.0
2016-08-10,-0.013002969887595417
2016-08-11,0.023857157454453215
2016-08-12,-0.00910693742356114
2016-08-15,0.002569473868522576
2016-08-16,0.0
2016-08-17,0.0
2016-08-18,0.0
2016-08-19,0.0
2016-08-22,0.0
2016-08-23,0.009386523633925559
2016-08-24,0.0
2016-08-25,0.0
2016-08-26,0.0
2016-08-29,-0.01694915254237289
2016-08-30,0.0
2016-08-31,0.0
2016-09-01,-0.010034054362715927
2016-09-02,0.00889110545002847
2016-09-06,0.0
2016-09-07,0.004560987970890162
2016-09-08,0.0
2016-09-09,0.0
2016-09-12,0.006442376521116677
2016-09-13,0.0
2016-09-14,0.0
2016-09-15,-0.0009310867081087082
2016-09-16,-0.0046933667083854935
2016-09-19,-0.007346181926900175
2016-09-20,0.0
2016-09-21,0.0
2016-09-22,0.0
2016-09-23,-0.0011428833007812722
2016-09-26,0.0
2016-09-27,0.0
2016-09-28,0.0
2016-09-29,-0.006043314552767853
2016-09-30,0.0
2016-10-03,0.0
2016-10-04,0.0
2016-10-05,-0.0013321674786861415
2016-10-06,-0.007004678954891375
2016-10-07,0.0
2016-10-11,-0.006890057826024365
2016-10-12,-0.004127579737335851
2016-10-13,0.0
2016-10-14,-0.0027187045179926095
2016-10-17,0.0
2016-10-18,0.0
2016-10-19,0.0
2016-10-20,0.0
2016-10-21,0.0
2016-10-24,-0.027063137190175335
2016-10-25,-0.010067142072119284
2016-10-26,-0.0016412590156046347
2016-10-27,0.0
2016-10-28,0.0
2016-10-31,0.012721416376814676
2016-11-01,0.002563724014148838
2016-11-02,-0.007478912567492446
2016-11-03,-0.0010315756008024146
2016-11-04,0.0
2016-11-07,-0.017435102673382386
2016-11-08,-0.008854207590781482
2016-11-09,-0.01681382174367463
2016-11-10,-0.014366547261933316
2016-11-14,0.00607960365751592
2016-11-15,0.009343936144853108
2016-11-16,0.0009758281642332834
2016-11-17,0.0
2016-11-18,0.0
2016-11-21,0.0
2016-11-22,-0.002533909010254261
2016-11-23,0.0
2016-11-25,0.0
2016-11-28,0.0
2016-11-29,0.0
2016-11-30,0.0
2016-12-01,-0.014910408446023343
2016-12-02,-0.004127837687770475
2016-12-05,-0.003332482268648407
2016-12-06,0.0
2016-12-07,-0.0030753185668117577
2016-12-08,-0.004599211563731942
2016-12-09,0.0
2016-12-12,0.016181229773462813
2016-12-13,-0.015676661749420118
2016-12-14,0.0
2016-12-15,0.0
2016-12-16,0.00181014049671772
2016-12-19,0.0
2016-12-20,-0.0016530354890220145
2016-12-21,0.0
2016-12-22,0.0005646454600680695
2016-12-23,0.0
2016-12-27,0.0
2016-12-28,0.00454767962803676
2016-12-29,0.0
2016-12-30,0.0
2017-01-03,0.0
2017-01-04,-0.015611528267081287
2017-01-05,0.002020531005097581
2017-01-06,0.0
2017-01-09,0.0
2017-01-10,-0.009610116631781296
2017-01-11,0.00048008813291733343
2017-01-12,0.0
2017-01-13,-0.005087209302325535
2017-01-17,0.0
2017-01-18,0.0
2017-01-19,0.0
2017-01-20,0.0
2017-01-23,0.010726049530828063
2017-01-24,0.0
2017-01-25,0.0
2017-01-26,-0.007919799057826304
2017-01-27,0.0
2017-01-30,0.0
2017-01-31,0.0
2017-02-01,0.0
2017-02-02,0.003824575369143046
2017-02-03,0.0
2017-02-06,0.0
2017-02-07,0.0
2017-02-08,0.0
2017-02-09,0.0
2017-02-10,0.0
2017-02-13,-0.002624891796640161
2017-02-14,0.0
2017-02-15,0.0
2017-02-16,-0.01236399604352123
2017-02-17,0.0
2017-02-21,0.0
2017-02-22,0.0054602413290812946
2017-02-23,0.0
2017-02-24,-0.0026796006654404847
2017-02-27,0.0
2017-02-28,0.0
2017-03-01,0.0
2017-03-02,0.010339665492192285
2017-03-03,0.0005892326500650893
2017-03-06,0.0
2017-03-07,0.0
2017-03-08,0.0
2017-03-09,-0.009114008047333958
2017-03-10,-0.0019361892906409328
2017-03-13,0.0
2017-03-14,0.0
2017-03-15,0.0
2017-03-16,-0.001719394773039895
2017-03-17,-0.0032322283978823974
2017-03-20,0.0
2017-03-21,-0.008979206049149369
2017-03-22,0.0
2017-03-23,0.0
2017-03-24,0.0
2017-03-27,0.0
2017-03-28,0.0
2017-03-29,0.0
2017-03-30,0.0
2017-03-31,0.0
2017-04-03,-0.004096194503171224
2017-04-04,-0.004107610550905583
2017-04-05,0.004099597714801728
2017-04-06,0.0037376156893776935
2017-04-07,0.0
2017-04-10,0.0
2017-04-11,0.0009314663127467093
2017-04-12,0.0
2017-04-13,0.0
2017-04-17,0.0
2017-04-18,0.0
2017-04-19,0.0
2017-04-20,0.00039717708011059727
2017-04-21,0.005617469205326214
2017-04-24,0.0
2017-04-25,0.0
2017-04-26,0.0
2017-04-27,-0.006501944336052001
2017-04-28,0.0
2017-05-01,-0.004364070500548212
2017-05-02,0.002686185911243699
2017-05-03,0.0
2017-05-04,-0.006119206277910405
2017-05-05,0.0061877992586864775
2017-05-08,0.0
2017-05-09,-0.004718523501575866
2017-05-10,0.0
2017-05-11,-0.006032502636523736
2017-05-12,0.0
2017-05-15,0.0
2017-05-16,0.0
2017-05-17,-0.007070840692293412
2017-05-18,0.002306182436630222
2017-05-19,0.0043662344535591036
2017-05-22,0.0
2017-05-23,0.0015166553940650362
2017-05-24,0.0
2017-05-25,-0.004487856388595557
2017-05-26,0.006634793091259953
2017-05-30,-0.012230764153629448
2017-05-31,-0.0027000490918016595
2017-06-01,0.0
2017-06-02,0.0
2017-06-05,0.0
2017-06-06,0.0
2017-06-07,0.0
2017-06-08,-0.00015021540421698842
2017-06-09,-0.007479822445384365
2017-06-12,0.0
2017-06-13,0.008821494993174583
2017-06-14,0.0
2017-06-15,0.0010469815388274295
2017-06-16,0.003827402038445782
2017-06-19,0.0
2017-06-20,0.002246028196992045
2017-06-21,0.0
2017-06-22,0.0
2017-06-23,0.0
2017-06-26,-0.003486927828084463
2017-06-27,0.0
2017-06-28,0.0
2017-06-29,0.0
2017-06-30,-0.023150147062467263
2017-07-03,-0.012996508344522595
2017-07-05,-0.008486770219481549
2017-07-06,0.0
2017-07-07,0.0
2017-07-10,0.006700909846601766
2017-07-11,0.003174839762438819
2017-07-12,0.0
2017-07-13,-0.02026578073089702
2017-07-14,0.006220848257838474
2017-07-17,0.0
2017-07-18,0.0
2017-07-19,0.0
2017-07-20,0.0
2017-07-21,0.0
2017-07-24,-0.0020789373970892533
2017-07-25,0.0
2017-07-26,-0.005016694335978844
2017-07-27,0.0
2017-07-28,-0.011674118231495334
2017-07-31,0.0
2017-08-01,0.004473889794122887
2017-08-02,0.0036477331943720603
2017-08-03,0.0
2017-08-04,0.0
2017-08-07,-3.529018191333888e-05
2017-08-08,0.0
2017-08-09,0.0
2017-08-10,-0.005101202111675085
2017-08-11,0.0014717448770401875
2017-08-14,0.0
2017-08-15,0.0
2017-08-16,0.006800457626520151
2017-08-17,0.0
2017-08-18,0.0
2017-08-21,0.0
2017-08-22,0.0063645559950959996
2017-08-23,0.0
2017-08-24,0.0
2017-08-25,0.0
2017-08-28,0.0
2017-08-29,0.0
2017-08-30,-0.028430408829763
2017-08-31,-0.06770309238913141
2017-09-01,0.032641418295103544
2017-09-05,-0.0047357178181133275
2017-09-06,0.0
2017-09-07,0.0
2017-09-08,0.0
2017-09-11,0.004054259852964037
2017-09-12,-0.001126972201352383
2017-09-13,-0.005161898861481995
2017-09-14,0.0
2017-09-15,0.0
2017-09-18,0.005352706115382855
2017-09-19,0.0036319066113079668
2017-09-20,0.0
2017-09-21,0.0
2017-09-22,0.0016262184509748812
2017-09-25,0.0
2017-09-26,0.00491360408807312
2017-09-27,0.0
2017-09-28,0.0
2017-09-29,0.0
2017-10-02,0.001468428781204123
2017-10-03,0.004905239669152461
2017-10-04,0.0
2017-10-05,0.0
2017-10-06,0.0028039250861559006
2017-10-09,0.0029417824116532154
2017-10-10,0.009213147410358613
2017-10-11,0.0
2017-10-12,0.0
2017-10-13,-0.004158266129032251
2017-10-16,0.0
2017-10-17,0.006746269680995343
2017-10-18,0.0
2017-10-19,0.0
2017-10-20,0.0
2017-10-23,0.0
2017-10-24,-0.0007584586558225432
2017-10-25,0.0
2017-10-26,0.0
2017-10-27,0.0
2017-10-30,0.020127337337354945
2017-10-31,0.011800433204778082
2017-11-01,0.0
2017-11-02,0.0011090388419102704
2017-11-03,0.0
2017-11-06,0.0
2017-11-07,0.004512198900355757
2017-11-08,0.0
2017-11-09,0.0
2017-11-10,0.002928257686676372
2017-11-13,0.0
2017-11-14,0.0
2017-11-15,0.0
2017-11-16,0.002176696542893708
2017-11-17,0.0
2017-11-20,0.0018390828569134394
2017-11-21,0.00638017756407816
2017-11-22,0.0
2017-11-24,0.0
2017-11-27,0.0
2017-11-28,0.0
2017-11-29,-0.009925682179115713
2017-11-30,0.0
2017-12-01,0.0
2017-12-04,0.0
2017-12-05,0.0
2017-12-06,0.002739262490239369
2017-12-07,0.0015798233936322181
2017-12-08,0.0
2017-12-11,0.0
2017-12-12,0.0
2017-12-13,0.0
2017-12-14,0.0
2017-12-15,0.0
2017-12-18,-0.0009851771899873907
2017-12-19,0.0
2017-12-20,-0.005551694972461885
2017-12-21,0.0
2017-12-22,0.0
2017-12-26,0.012990602542841345
2017-12-27,-0.000416954724096974
2017-12-28,0.0
2017-12-29,-0.006691838344678014
2018-01-02,0.0
2018-01-03,0.0
2018-01-04,0.0
2018-01-05,0.0
2018-01-08,-0.0009354602322347305
2018-01-09,0.0
2018-01-10,0.0
2018-01-11,-0.0005323940382717662
2018-01-12,0.005868125848729755
2018-01-16,-0.004756242568370983
2018-01-17,-0.006641998400807647
2018-01-18,0.0021246458923512845
2018-01-19,0.0022247452541713786
2018-01-22,0.0
2018-01-23,0.0
2018-01-24,0.019258773255940498
2018-01-25,-0.0009021930294319635
2018-01-26,0.0
2018-01-29,0.0
2018-01-30,0.0
2018-01-31,-0.014975505540970657
2018-02-01,0.0
2018-02-02,0.0
2018-02-05,0.0
2018-02-06,0.0
2018-02-07,0.0
2018-02-08,-0.002833030011564338
2018-02-09,0.0
2018-02-12,-0.002895103362663687
2018-02-13,0.007360406091370564
2018-02-14,0.0
2018-02-15,-0.0001410699396000581
2018-02-16,-0.00023397285914839028
2018-02-20,0.0
2018-02-21,-0.009031102356430565
2018-02-22,0.0
2018-02-23,0.0
2018-02-26,0.0
2018-02-27,0.0
2018-02-28,0.018063001732740447
2018-03-01,-0.021671826625387025
2018-03-02,0.0049371111449053595
2018-03-05,0.0
2018-03-06,0.005103838586493242
2018-03-07,0.0
2018-03-08,0.003909319068334027
2018-03-09,0.0035644847699287108
2018-03-12,0.0019431624969638017
2018-03-13,0.0
2018-03-14,0.0
2018-03-15,0.0
2018-03-16,0.0
2018-03-19,0.0
2018-03-20,0.001072534637326844
2018-03-21,0.0
2018-03-22,0.0
2018-03-23,0.0
2018-03-26,-0.0018898597055438948
2018-03-27,0.0
2018-03-28,-0.001300626072484934
2018-03-29,0.0
2018-04-02,0.0025358208561458706
2018-04-03,0.012062662609774177
2018-04-04,-0.004603682946357102
2018-04-05,0.01839528081134456
2018-04-06,0.0001816566513730966
2018-04-09,0.0
2018-04-10,-0.005256491204039593
2018-04-11,-0.006756097496200764
2018-04-12,0.0
2018-04-13,0.0
2018-04-16,0.0
2018-04-17,-0.0048112509252405955
2018-04-18,0.0
2018-04-19,0.0
2018-04-20,0.014849622863946643
2018-04-23,0.013338006006396286
2018-04-24,-0.001216802243240648
2018-04-25,0.0
2018-04-26,0.0
2018-04-27,0.0
2018-04-30,0.0
2018-05-01,0.0
2018-05-02,0.005191227667774134
2018-05-03,0.0
2018-05-04,0.0
2018-05-07,0.0
2018-05-08,0.004489897730107217
2018-05-09,0.0
2018-05-10,-0.00334497036746223
2018-05-11,0.0
2018-05-14,0.0
2018-05-15,0.0
2018-05-16,0.004233301813795165
2018-05-17,0.0
2018-05-18,0.0
2018-05-21,0.0
2018-05-22,-0.0003734720422313986
2018-05-23,-0.0010316440813981087
2018-05-24,0.0
2018-05-25,0.0
2018-05-29,-0.007962839382913884
2018-05-30,0.0038622531261405246
2018-05-31,0.0
2018-06-01,0.0
2018-06-04,0.0
2018-06-05,0.005042052230259664
2018-06-06,0.0
2018-06-07,0.0
2018-06-08,0.025743546384410454
2018-06-11,0.004387797743418298
2018-06-12,0.0
2018-06-13,0.0
2018-06-14,0.0
2018-06-15,0.0
2018-06-18,0.0010319371395068333
2018-06-19,0.0
2018-06-20,0.0
2018-06-21,0.0
2018-06-22,0.0
2018-06-25,0.006471008889079606
2018-06-26,0.0
2018-06-27,0.0
2018-06-28,0.0
2018-06-29,0.0
2018-07-02,0.0
2018-07-03,0.0
2018-07-05,0.0
2018-07-06,-0.00017767014203701192
2018-07-09,0.012728832951945102
2018-07-10,0.0
2018-07-11,0.0
2018-07-12,0.004182757715259122
2018-07-13,0.001904954874660858
2018-07-16,0.0
2018-07-17,-0.0006153170014725484
2018-07-18,0.0
2018-07-19,0.0
2018-07-20,0.012992223466928299
2018-07-23,0.0
2018-07-24,0.0
2018-07-25,0.0
2018-07-26,0.005757715338553682
2018-07-27,0.0
2018-07-30,0.0
2018-07-31,0.0
2018-08-01,0.0
2018-08-02,0.0
2018-08-03,0.0
2018-08-06,-0.005990744525162461
2018-08-07,0.0
2018-08-08,0.0
2018-08-09,-0.0014526776979747469
2018-08-10,0.0
2018-08-13,0.001342797032279186
2018-08-14,0.0015816023836315123
2018-08-15,0.0
2018-08-16,0.012333955081610587
2018-08-17,-0.005663797087832045
2018-08-20,0.0
2018-08-21,0.0
2018-08-22,0.0
2018-08-23,0.0003342833857943317
2018-08-24,0.0
2018-08-27,-0.0011191043117746435
2018-08-28,0.0
2018-08-29,0.0
2018-08-30,0.0
2018-08-31,0.0
2018-09-04,-0.004985754985754931
2018-09-05,-0.006165308216493276
2018-09-06,0.0
2018-09-07,0.0
2018-09-10,0.0
2018-09-11,0.0
2018-09-12,0.0
2018-09-13,-0.008115135245711502
2018-09-14,-0.00029180239347252146
2018-09-17,-0.023745508074271726
2018-09-18,-0.0038604286536748356
2018-09-19,0.005347474720801909
2018-09-20,-0.012198795180722866
2018-09-21,0.001764187003822415
2018-09-24,0.0036135986597790604
2018-09-25,-0.004184515340482253
2018-09-26,0.0
2018-09-27,0.0
2018-09-28,0.0
2018-10-01,0.006872741969176033
2018-10-02,-0.022463187771968873
2018-10-03,0.00888217860565732
2018-10-04,0.0
2018-10-05,6.72306376277021e-05
2018-10-08,0.0
2018-10-09,0.0018183075033328944
2018-10-10,0.0
2018-10-11,-0.021703624849719827
2018-10-12,0.003140506938220239
2018-10-15,0.0
2018-10-16,0.0
2018-10-17,0.0
2018-10-18,0.0
2018-10-19,-0.003908511870295284
2018-10-22,0.0
2018-10-23,-0.00013554895113193632
2018-10-24,-0.00047165380762739795
2018-10-25,0.0
2018-10-26,0.0
2018-10-29,-0.0019792182088075316
2018-10-30,0.0
2018-10-31,9.387227568957712e-05
2018-11-01,0.0
2018-11-02,-0.0059408737950306465
2018-11-05,0.00847304594155096
2018-11-06,0.0016820641715619145
2018-11-07,0.0
2018-11-08,0.0
2018-11-09,-0.0033112582781457123
2018-11-12,0.0
2018-11-13,0.011544011544011523
2018-11-14,-0.08376160735584093
2018-11-15,0.08259249576396671
2018-11-16,0.028974705667016987
2018-11-19,0.0
2018-11-20,0.0
2018-11-21,0.004687051599168546
2018-11-23,0.0
2018-11-26,0.014906988688851873
2018-11-27,0.0040697989043440574
2018-11-28,0.0
2018-11-29,-0.0011682138868644998
2018-11-30,0.0
2018-12-03,-0.0032401091405184212
2018-12-04,0.0
2018-12-06,0.0
2018-12-07,0.012376884117371478
2018-12-10,0.004367816091954024
2018-12-11,0.0
2018-12-12,0.0
2018-12-13,0.0
2018-12-14,0.0
2018-12-17,0.0
2018-12-18,0.0
2018-12-19,0.009453372520504821
2018-12-20,0.0
2018-12-21,0.004330446369087304
2018-12-24,0.0
2018-12-26,0.0
2018-12-27,0.016123084713883712
2018-12-28,0.0
2018-12-31,0.0
2019-01-02,-0.004156252286578899
2019-01-03,0.0
2019-01-04,0.0
2019-01-07,0.0019800026921562575
2019-01-08,-0.004347850342636739
2019-01-09,0.0
2019-01-10,0.0
2019-01-11,0.0021641615689556026
2019-01-14,0.0
2019-01-15,0.012531349287127791
2019-01-16,0.0037037037037036535
2019-01-17,0.0
2019-01-18,0.0
2019-01-22,0.0
2019-01-23,0.0
2019-01-24,0.0
2019-01-25,0.0
2019-01-28,-0.002082457878467614
2019-01-29,0.01627034567580099
2019-01-30,0.0
2019-01-31,0.0
2019-02-01,0.0
2019-02-04,0.0016006848083695568
2019-02-05,0.0
2019-02-06,0.0
2019-02-07,0.0
2019-02-08,0.003896736483195329
2019-02-11,0.0
2019-02-12,-0.005457152651687613
2019-02-13,0.0
2019-02-14,0.0
2019-02-15,-0.0027120315581853904
2019-02-19,-0.007571507233187502
2019-02-20,-0.013993228587149353
2019-02-21,0.0
2019-02-22,0.006335369824736166
2019-02-25,0.0
2019-02-26,-0.001744349548697427
2019-02-27,0.0
2019-02-28,0.0
2019-03-01,0.0
2019-03-04,-0.005010200964437661
2019-03-05,0.0
2019-03-06,0.0
2019-03-07,0.014024933214603741
2019-03-08,0.0
2019-03-11,0.0
2019-03-12,0.0
2019-03-13,0.006722689075630228
2019-03-14,0.0
2019-03-15,0.0
2019-03-18,0.0021344682296137174
2019-03-19,0.0
2019-03-20,0.0
2019-03-21,0.0
2019-03-22,0.0
2019-03-25,0.0057313694311135754
2019-03-26,0.0
2019-03-27,0.0
2019-03-28,-0.024423822033462217
2019-03-29,0.012224836236202963
2019-04-01,0.010002911229318068
2019-04-02,0.0
2019-04-03,0.0
2019-04-04,0.011674716589034073
2019-04-05,0.0
2019-04-08,0.0
2019-04-09,0.0
2019-04-10,0.0
2019-04-11,0.007070399074412259
2019-04-12,0.0038505691033471345
2019-04-15,0.0
2019-04-16,0.0
2019-04-17,0.0022471910112359383
2019-04-18,0.0
2019-04-22,0.008620699964050349
2019-04-23,-0.0031739682259009916
2019-04-24,0.0
2019-04-25,0.0
2019-04-26,0.0
2019-04-29,0.013199402327373174
2019-04-30,0.011525106139751606
2019-05-01,0.0
2019-05-02,-0.01003143404509918
2019-05-03,0.0
2019-05-06,0.0016770389227337423
2019-05-07,0.0003079293203250011
2019-05-08,0.0
2019-05-09,0.0
2019-05-10,-0.0029027576197387384
2019-05-13,0.01250554220283323
2019-05-14,0.006408384736932782
2019-05-15,-0.011667806568122052
2019-05-16,-0.002543387193297386
2019-05-17,0.0021413276231263545
2019-05-20,0.0
2019-05-21,0.004344013661232882
2019-05-22,0.0
2019-05-23,0.0
2019-05-24,0.005115551518876771
2019-05-28,0.0
2019-05-29,-0.009345794392523366
2019-05-30,0.0
2019-05-31,0.0
2019-06-03,-0.007431481707709298
2019-06-04,0.005629915593596269
2019-06-05,0.0
2019-06-06,0.0
2019-06-07,0.0
2019-06-10,0.0030492571139832947
2019-06-11,0.0034577469699862418
2019-06-12,0.0
2019-06-13,0.0
2019-06-14,0.0
2019-06-17,0.0
2019-06-18,0.0
2019-06-19,0.0041558991511435606
2019-06-20,0.0
2019-06-21,0.0025753508927608415
2019-06-24,0.0
2019-06-25,-0.0010855654578578733
2019-06-26,0.0
2019-06-27,0.0
2019-06-28,0.008379889968967158
2019-07-01,-0.009815585960737672
2019-07-02,0.0
2019-07-03,0.0032868661670152344
2019-07-05,-0.0011547344110854896
2019-07-08,0.0031017093862871215
2019-07-09,0.010568793235972318
2019-07-10,0.0
2019-07-11,0.004832257450143984
2019-07-12,0.0
2019-07-15,0.0
2019-07-16,-0.000246184145741013
2019-07-17,0.008890765955681945
2019-07-18,0.0
2019-07-19,0.0
2019-07-22,0.007348863006100936
2019-07-23,0.0
2019-07-24,-0.003338934909735247
2019-07-25,0.0
2019-07-26,0.0
2019-07-29,0.0
2019-07-30,0.0
2019-07-31,0.0
2019-08-01,0.0
2019-08-02,0.008569229022141567
2019-08-05,-0.012029778082142895
2019-08-06,0.0
2019-08-07,0.0
2019-08-08,0.009276444510728732
2019-08-09,0.0
2019-08-12,0.012647523007795591
2019-08-13,-0.012359402957563076
2019-08-14,0.0
2019-08-15,0.0
2019-08-16,0.0
2019-08-19,0.0
2019-08-20,0.0
2019-08-21,-0.009771986970684043
2019-08-22,-0.002053856686444533
2019-08-23,0.0
2019-08-26,0.0
2019-08-27,0.0
2019-08-28,0.0
2019-08-29,0.0
2019-08-30,0.008709981167608238
2019-09-03,0.001754850025915966
2019-09-04,0.013040731340792755
2019-09-05,-0.005514227069202682
2019-09-06,-0.01073731342979592
2019-09-09,0.0
2019-09-10,0.0
2019-09-11,0.0
2019-09-12,0.0
2019-09-13,0.001994485561063075
2019-09-16,0.0
2019-09-17,0.018508766852296306
2019-09-18,0.0
2019-09-19,0.0
2019-09-20,-0.000788058855756224
2019-09-23,0.0
2019-09-24,0.0
2019-09-25,-0.013043486553689698
2019-09-26,0.0
2019-09-27,0.0
2019-09-30,0.0
2019-10-01,-0.023033713395195166
2019-10-02,-0.0003882076394791101
2019-10-03,0.0
2019-10-04,0.0
2019-10-07,0.0
2019-10-08,0.0
2019-10-09,0.0
2019-10-10,0.0
2019-10-11,0.023011176857330673
2019-10-14,0.005020177384031155
2019-10-15,-0.012938599999811728
2019-10-16,0.0
2019-10-17,0.0
2019-10-18,0.0
2019-10-21,0.0
2019-10-22,0.0
2019-10-23,0.0
2019-10-24,-0.0023226578154604827
2019-10-25,0.0
2019-10-28,0.0
2019-10-29,-0.030866675868102877
2019-10-30,-0.01809782543334204
2019-10-31,-0.009301825766051763
2019-11-01,0.006915002905046264
2019-11-04,-0.00246947287218785
2019-11-05,0.0
2019-11-06,0.002186412762073431
2019-11-07,0.0028594249599422916
2019-11-08,0.005193494405690696
2019-11-11,-0.0153702227620936
2019-11-12,-0.0013096959423301857
2019-11-13,-0.007975693125712113
2019-11-14,0.0
2019-11-15,0.0
2019-11-18,0.004356112169888349
2019-11-19,0.0
2019-11-20,0.0
2019-11-21,-0.014520315205406975
2019-11-22,0.0
2019-11-25,-0.010012648290195103
2019-11-26,0.0007062146892655163
2019-11-27,0.0
2019-11-29,0.0
2019-12-02,0.0034631519424458274
2019-12-03,0.0
2019-12-04,0.0
2019-12-05,-0.003095233251178109
2019-12-06,0.0
2019-12-09,-0.005739530305869656
2019-12-10,0.0
2019-12-11,0.0
2019-12-12,0.0
2019-12-13,0.001021798365122617
2019-12-16,0.019334525667019875
2019-12-17,-0.00042067055940240607
2019-12-18,-0.005837900550967556
2019-12-19,0.0
2019-12-20,0.0
2019-12-23,0.01108468998879042
2019-12-24,0.0
2019-12-26,0.0
2019-12-27,0.0
2019-12-30,0.00680816980376453
2019-12-31,0.0
2020-01-02,0.0018939393939394478
2020-01-03,0.0068545431685795855
2020-01-06,-0.0019545968875624613
2020-01-07,0.005098302779172337
2020-01-08,0.0
2020-01-09,-0.0016620474093200777
2020-01-10,0.0
2020-01-13,0.0
2020-01-14,0.0
2020-01-15,0.0
2020-01-16,-0.0007110244208978211
2020-01-17,0.018308921438082604
2020-01-21,0.002247912652536932
2020-01-22,0.006210005158671872
2020-01-23,0.00456871190107383
2020-01-24,0.0
2020-01-27,0.0
2020-01-28,0.0007968532911432347
2020-01-29,0.00444645686410905
2020-01-30,0.0
2020-01-31,-0.0026968540435974298
2020-02-03,0.0
2020-02-04,-0.0044995562130488165
2020-02-05,0.002386488744045012
2020-02-06,-0.003994651421135642
2020-02-07,0.0
2020-02-10,0.0
2020-02-11,0.0
2020-02-12,0.0
2020-02-13,0.00025300871509648104
2020-02-14,-0.0032981341953139953
2020-02-18,0.0
2020-02-19,-0.0022401463642568453
2020-02-20,0.0
2020-02-21,0.0
2020-02-24,-0.008451918168799755
2020-02-25,0.002716614240777848
2020-02-26,-0.012399616640768383
2020-02-27,0.0
2020-02-28,-0.008067079442108438
2020-03-02,0.0017629316801901313
2020-03-03,-0.002082305434690801
2020-03-04,0.0
2020-03-05,0.0
2020-03-06,0.0
2020-03-09,-0.10360750710228407
2020-03-10,0.02454492707786872
2020-03-11,0.014979330796236145
2020-03-12,0.0
2020-03-13,-0.04419420156636966
2020-03-16,-0.021347062274821568
2020-03-17,-0.005442556156327127
2020-03-18,-0.03347008637126103
2020-03-19,0.0640944892453717
2020-03-20,0.02362515683673916
2020-03-23,-0.0059578421750278165
2020-03-24,0.02430765632397583
2020-03-25,-0.04222573468985352
2020-03-26,0.0037314629558130585
2020-03-27,0.0
2020-03-30,0.0
2020-03-31,0.0
2020-04-01,0.0
2020-04-02,0.016318961330663462
2020-04-03,-0.04639263263776501
2020-04-06,0.0
2020-04-07,-0.009298393913778513
2020-04-08,0.0
2020-04-09,0.0
2020-04-13,0.0
2020-04-14,0.0
2020-04-15,0.0
2020-04-16,0.0
2020-04-17,0.0
2020-04-20,0.008617065994115158
2020-04-21,-0.6062384168491297
2020-04-22,0.05176822253286972
2020-04-23,-0.004053024510116983
2020-04-24,0.0
2020-04-27,-0.005457997152349292
2020-04-28,0.007057552329124306
2020-04-29,0.0
2020-04-30,-0.03227459526981458
2020-05-01,-0.013073630861437757
2020-05-04,0.0
2020-05-05,0.0
2020-05-06,0.0
2020-05-07,0.0
2020-05-08,0.0
2020-05-11,0.0
2020-05-12,0.0
2020-05-13,0.0
2020-05-14,0.0
2020-05-15,0.0
2020-05-18,-0.01226097578687646
2020-05-19,-0.007756941021020314
2020-05-20,0.0
2020-05-21,-0.0021897810218978186
2020-05-22,0.009489486310880535
2020-05-26,0.0
2020-05-27,0.0
2020-05-28,0.0
2020-05-29,0.0
2020-06-01,0.0
2020-06-02,-0.0025807321970159336
2020-06-03,0.0
2020-06-04,0.0
2020-06-05,0.0
2020-06-08,0.006592321411535429
2020-06-09,0.0
2020-06-10,-0.001908396946564861
2020-06-11,0.0
2020-06-12,0.0027577696284463607
2020-06-15,0.0
2020-06-16,0.0
2020-06-17,0.0
2020-06-18,0.0
2020-06-19,0.0
2020-06-22,0.0
2020-06-23,0.0
2020-06-24,0.0
2020-06-25,-0.0009194280146402889
2020-06-26,0.0019959788803790846
2020-06-29,-0.008290816326530615
2020-06-30,-0.01553092512917642
2020-07-01,-0.009886778261793738
2020-07-02,0.0
2020-07-06,0.0
2020-07-07,0.0
2020-07-08,0.0
2020-07-09,-0.008454106280193274
2020-07-10,0.0
2020-07-13,-0.00952542894697117
2020-07-14,0.009825309826061945
2020-07-15,-0.007801749547650616
2020-07-16,0.010370220744490816
2020-07-17,0.0
2020-07-20,0.0
2020-07-21,0.0
2020-07-22,-0.03688887895154647
2020-07-23,0.002989223393548568
2020-07-24,0.0
2020-07-27,0.0
2020-07-28,0.004413918827331081
2020-07-29,0.0
2020-07-30,-0.02786088573222184
2020-07-31,0.00348418059521427
2020-08-03,0.0
2020-08-04,-0.021894337110695994
2020-08-05,0.0
2020-08-06,0.0
2020-08-07,0.0
2020-08-10,0.006486041257277918
2020-08-11,0.0
2020-08-12,-0.0004898151360176461
2020-08-13,0.0
2020-08-14,0.0016098221496531895
2020-08-17,0.0
2020-08-18,0.008712487899322385
2020-08-19,0.0
2020-08-20,0.0
2020-08-21,0.0
2020-08-24,0.0
2020-08-25,-0.010533249459847904
2020-08-26,0.0
2020-08-27,0.0
2020-08-28,0.01206695914782574
2020-08-31,-0.00575780089153044
2020-09-01,0.0
2020-09-02,0.0
2020-09-03,-0.0016863333571349726
2020-09-04,0.0
2020-09-08,-0.03579895412189901
2020-09-09,0.011274045382056896
2020-09-10,0.0
2020-09-11,0.0
2020-09-14,0.0
2020-09-15,0.011888111888111896
2020-09-16,0.015866008617457943
2020-09-17,-0.000384319754035356
2020-09-18,0.00573974608954253
2020-09-21,0.0
2020-09-22,-0.00041135699482892224
2020-09-23,0.0
2020-09-24,-0.02894115447998047
2020-09-25,0.0
2020-09-28,0.0
2020-09-29,0.0
2020-09-30,0.006638062644781562
2020-10-01,0.0008784613488418691
2020-10-02,0.020080280490475277
2020-10-05,0.0
2020-10-06,0.0
2020-10-07,0.0
2020-10-08,0.0
2020-10-09,0.0
2020-10-12,-0.0053962401206445465
2020-10-13,0.0
2020-10-14,0.0
2020-10-15,0.0
2020-10-16,0.0
2020-10-19,0.0
2020-10-20,0.00886597938144329
2020-10-21,0.0
2020-10-22,0.0
2020-10-23,0.0
2020-10-26,0.0
2020-10-27,0.0
2020-10-28,0.0
2020-10-29,-0.004058973908455877
2020-10-30,-0.009416753611197648
2020-11-02,0.0
2020-11-03,0.008350033251189104
2020-11-04,0.0
2020-11-05,0.0
2020-11-06,-0.005360308993289542
2020-11-09,0.00012020149233799016
2020-11-10,-0.0031345244264513183
2020-11-11,0.002300168127527674
2020-11-12,0.005512560222377116
2020-11-13,0.0
2020-11-16,0.0
2020-11-17,-0.022600554166606612
2020-11-18,0.0
2020-11-19,0.0
2020-11-20,0.0
2020-11-23,0.0051616700231794654
2020-11-24,0.0
2020-11-25,0.0
2020-11-27,0.007012324691882732
2020-11-30,-0.003088711211305273
2020-12-01,-0.002781343602909714
2020-12-02,0.00016646542669829234
2020-12-03,0.0
2020-12-04,0.013562042087964743
2020-12-07,0.0
2020-12-08,0.0
2020-12-09,0.0
2020-12-10,0.0010360316140437253
2020-12-11,0.0
2020-12-14,0.0
2020-12-15,0.0
2020-12-16,0.0
2020-12-17,0.004767580452920139
2020-12-18,0.0
2020-12-21,0.0
2020-12-22,-0.0051596108139551344
2020-12-23,0.0
2020-12-24,0.0
2020-12-28,0.0
2020-12-29,0.0
2020-12-30,-0.00318409880355075
2020-12-31,0.0
2021-01-04,0.0
2021-01-05,-0.002056872576969848
2021-01-06,-0.002808706473551396
2021-01-07,0.0014159170236839325
2021-01-08,0.0
2021-01-11,0.008794466818407065
2021-01-12,0.005751982188980986
2021-01-13,8.101131978914067e-05
2021-01-14,0.0
2021-01-15,0.0065986596385008145
2021-01-19,0.0
2021-01-20,-0.005863250947140519
2021-01-21,0.0
2021-01-22,0.0
2021-01-25,0.011374491168415971
2021-01-26,0.0
2021-01-27,0.0
2021-01-28,0.0
2021-01-29,0.0
2021-02-01,0.007543791222441976
2021-02-02,0.026069579792164954
2021-02-03,0.009361724276656602
2021-02-04,0.0
2021-02-05,0.009136218188375456
2021-02-08,0.0
2021-02-09,0.0
2021-02-10,0.0
2021-02-11,0.042584983190138204
2021-02-12,0.01102490812576562
2021-02-16,-0.023751843517962334
2021-02-17,-0.010604106477316022
2021-02-18,0.0
2021-02-19,0.0
2021-02-22,-0.00764058651201438
2021-02-23,0.002463648140984616
2021-02-24,0.0
2021-02-25,0.0
2021-02-26,-0.0023798627556277374
2021-03-01,-0.004661589958940744
2021-03-02,-0.0004930157390620193
2021-03-03,0.0
2021-03-04,0.0
2021-03-05,0.01202705558068251
2021-03-08,0.0
2021-03-09,0.0
2021-03-10,0.014526270960552728
2021-03-11,0.0
2021-03-12,0.0
2021-03-15,0.0031080031080030768
2021-03-16,0.0
2021-03-17,-0.009245115985440311
2021-03-18,0.0
2021-03-19,0.008032477934481835
2021-03-22,0.0
2021-03-23,0.0
2021-03-24,0.029605281189625576
2021-03-25,0.0
2021-03-26,0.0
2021-03-29,0.0
2021-03-30,0.00823764310024755
2021-03-31,0.0
2021-04-01,0.007248096874697888
2021-04-05,0.0
2021-04-06,-0.008240276969280758
2021-04-07,0.0
2021-04-08,0.0
2021-04-09,0.0
2021-04-12,0.0
2021-04-13,0.0
2021-04-14,0.0
2021-04-15,0.0
2021-04-16,0.0
2021-04-19,0.0
2021-04-20,0.0
2021-04-21,0.0
2021-04-22,0.0
2021-04-23,0.0
2021-04-26,0.0
2021-04-27,0.0
2021-04-28,0.01977673419481102
2021-04-29,-0.005603698658821793
2021-04-30,0.0
2021-05-03,-0.0029888983774551403
2021-05-04,0.019153079239875692
2021-05-05,0.0
2021-05-06,0.0
2021-05-07,0.0
2021-05-10,0.0
2021-05-11,0.009651663695781354
2021-05-12,0.0
2021-05-13,0.0
2021-05-14,0.002422079180948231
2021-05-17,-0.023722627737226276
2021-05-18,0.015599852792438362
2021-05-19,-0.007968143415895412
2021-05-20,-0.01033776326287622
2021-05-21,0.0
2021-05-24,-0.00814325485112155
2021-05-25,0.0
2021-05-26,0.0
2021-05-27,0.0
2021-05-28,0.007629219640356122
2021-06-01,0.0
2021-06-02,0.0
2021-06-03,0.0
2021-06-04,0.004970098904876874
2021-06-07,0.0
2021-06-08,0.0
2021-06-09,0.0
2021-06-10,0.0
2021-06-11,0.0
2021-06-14,0.0
2021-06-15,0.0
2021-06-16,0.006048360515247819
2021-06-17,0.0
2021-06-18,0.002815582564943286
2021-06-21,-0.006805157593123168
2021-06-22,0.0
2021-06-23,0.0
2021-06-24,0.0
2021-06-25,0.0
2021-06-28,0.0
2021-06-29,-0.011269433388298
2021-06-30,0.0
2021-07-01,0.011231526278496273
2021-07-02,0.0
2021-07-06,0.0
2021-07-07,-0.006021902887703837
2021-07-08,0.0
2021-07-09,0.0
2021-07-12,-0.017903364969801605
2021-07-13,0.006455643481882545
2021-07-14,0.0
2021-07-15,0.0
2021-07-16,-0.007310589277802371
2021-07-19,-0.012627554908879124
2021-07-20,0.005929932050529828
2021-07-21,0.0
2021-07-22,0.0
2021-07-23,0.0
2021-07-26,0.0
2021-07-27,0.004685140460176429
2021-07-28,0.009191663743222112
2021-07-29,0.0
2021-07-30,0.004829332890097182
2021-08-02,0.0026826658486281962
2021-08-03,0.0
2021-08-04,0.0
2021-08-05,0.0
2021-08-06,0.0
2021-08-09,-0.01606798963076389
2021-08-10,0.002094902465465287
2021-08-11,0.003062808532381389
2021-08-12,-0.0014229811454998242
2021-08-13,0.0
2021-08-16,0.0
2021-08-17,-0.0025436046511627675
2021-08-18,-0.014495959461966468
2021-08-19,0.0
2021-08-20,-0.0011799513023859065
2021-08-23,0.0
2021-08-24,-0.014438504763063785
2021-08-25,-0.0033657442034404905
2021-08-26,0.00986616415835645
2021-08-27,-0.022227517880253678
2021-08-30,0.0
2021-08-31,-0.005784359093012503
2021-09-01,0.0
2021-09-02,0.006593312298420861
2021-09-03,0.0
2021-09-07,0.008642264588748838
2021-09-08,-0.0014477624509983689
2021-09-09,-0.011904772301525313
2021-09-10,0.0
2021-09-13,0.009498632738044466
2021-09-14,0.0
2021-09-15,0.0
2021-09-16,0.001330262719260511
2021-09-17,-0.005762447099786239
2021-09-20,0.0
2021-09-21,0.007175441785996384
2021-09-22,0.0
2021-09-23,0.015813747148625212
2021-09-24,0.0
2021-09-27,-0.010635029532492624
2021-09-28,-0.011829673361524073
2021-09-29,0.0
2021-09-30,0.013094745427305154
2021-10-01,-0.006923605265662158
2021-10-04,0.0
2021-10-05,0.0
2021-10-06,0.0
2021-10-07,0.0018899072968813213
2021-10-08,0.0
2021-10-11,0.0
2021-10-12,0.0
2021-10-13,-0.0012518255789693566
2021-10-14,-0.006556808360547228
2021-10-15,0.0
2021-10-18,0.0
2021-10-19,0.0
2021-10-20,0.0
2021-10-21,0.0
2021-10-22,0.0005204589367374945
2021-10-25,0.0
2021-10-26,0.001356374588669329
2021-10-27,0.0
2021-10-28,-0.0008230358787264525
2021-10-29,0.0
2021-11-01,0.0
2021-11-02,0.003606146127312637
2021-11-03,-0.006715506715506692
2021-11-04,-0.009265726029106011
2021-11-05,0.0
2021-11-08,0.0
2021-11-09,0.0
2021-11-10,0.0
2021-11-11,0.0
2021-11-12,0.0
2021-11-15,0.0
2021-11-16,0.0
2021-11-17,0.0
2021-11-18,0.0
2021-11-19,0.0
2021-11-22,0.0
2021-11-23,-0.015990105594644144
2021-11-24,0.0013014897666897562
2021-11-26,0.0
2021-11-29,0.007715730406608852
2021-11-30,0.0
2021-12-01,-0.0035257280577207784
2021-12-02,0.0
2021-12-03,-0.0028913672036348093
2021-12-06,0.0
2021-12-07,0.0
2021-12-08,0.0
2021-12-09,0.0
2021-12-10,-0.0016886808956060317
2021-12-13,0.0
2021-12-14,0.0
2021-12-15,0.0
2021-12-16,0.0
2021-12-17,-0.007059549579674843
2021-12-20,0.0
2021-12-21,0.0
2021-12-22,0.0
2021-12-23,0.0
2021-12-27,0.0
2021-12-28,0.0
2021-12-29,0.0
2021-12-30,0.0
2021-12-31,0.012052926564837918
2022-01-03,0.0
2022-01-04,0.004056901019185988
2022-01-05,0.005947497949138625
2022-01-06,0.0
2022-01-07,0.0036404419474482252
2022-01-10,0.0
2022-01-11,0.0
2022-01-12,0.0
2022-01-13,0.06042823846021156
2022-01-14,-0.0009367560935489849
2022-01-18,0.0
2022-01-19,-0.01788036410923277
2022-01-20,0.0
2022-01-21,0.0
2022-01-24,0.0
2022-01-25,0.00793562571131301
2022-01-26,0.0
2022-01-27,-0.0033878593884894004
2022-01-28,0.12158700866405625
2022-01-31,0.02532874936476537
2022-02-01,0.0
2022-02-02,0.0
2022-02-03,0.0
2022-02-04,0.0
2022-02-07,0.0
2022-02-08,0.0
2022-02-09,0.005390279994481606
2022-02-10,0.0
2022-02-11,0.0
2022-02-14,0.0
2022-02-15,0.020170757737459966
2022-02-16,0.005007616613150013
2022-02-17,0.0
2022-02-18,0.0
2022-02-22,0.0
2022-02-23,-0.018803671898134477
2022-02-24,0.0
2022-02-25,0.0
2022-02-28,0.021441335048381308
2022-03-01,-0.03095688294712114
2022-03-02,-0.006723856882220962
2022-03-03,0.011032116147494997
2022-03-04,-0.022885958107059734
2022-03-07,0.013423269677125482
2022-03-08,-0.0022765893763673217
2022-03-09,0.06533523396357233
2022-03-10,-0.00708715062590418
2022-03-11,0.01784185412958117
2022-03-14,0.0
2022-03-15,-0.0009949525174712814
2022-03-16,0.002031694433157205
2022-03-17,0.0
2022-03-18,0.0
2022-03-21,0.0
2022-03-22,0.0
2022-03-23,0.0
2022-03-24,0.0
2022-03-25,0.0
2022-03-28,0.0
2022-03-29,0.0
2022-03-30,0.0
2022-03-31,0.0
2022-04-01,0.0
2022-04-04,0.0
2022-04-05,0.0
2022-04-06,0.0
2022-04-07,0.0
2022-04-08,0.0
2022-04-11,0.0
2022-04-12,0.0
2022-04-13,0.0
2022-04-14,0.0
2022-04-18,0.0
2022-04-19,0.0
2022-04-20,-0.009846120018752541
2022-04-21,0.0
2022-04-22,0.0
2022-04-25,-0.007536356851054582
2022-04-26,0.0195235760609756
2022-04-27,-0.013015634856418767
2022-04-28,0.0
2022-04-29,0.002449699474225686
2022-05-02,0.0
2022-05-03,-0.00632538383304998
2022-05-04,0.0
2022-05-05,0.0
2022-05-06,0.0
2022-05-09,0.0
2022-05-10,0.025547979278690458
2022-05-11,0.0
2022-05-12,0.0
2022-05-13,0.0030864197530864335
2022-05-16,0.019367474249238348
2022-05-17,-0.0018674534254466413
2022-05-18,0.0
2022-05-19,0.014930414466803543
2022-05-20,0.0
2022-05-23,0.0
2022-05-24,0.0
2022-05-25,0.0
2022-05-26,0.0
2022-05-27,0.0
2022-05-31,0.0
2022-06-01,0.0
2022-06-02,0.0
2022-06-03,0.008399202967824482
2022-06-06,0.0
2022-06-07,0.0
2022-06-08,0.00026358010658433795
2022-06-09,0.0
2022-06-10,0.0
2022-06-13,0.0
2022-06-14,-0.003749168123046283
2022-06-15,0.016066208264478576
2022-06-16,0.0
2022-06-17,0.0
2022-06-21,-0.0025550981024321517
2022-06-22,0.0
2022-06-23,0.0
2022-06-24,-0.05961268100888914
2022-06-27,-0.016432168426674887
2022-06-28,0.0
2022-06-29,0.0
2022-06-30,0.0
2022-07-01,0.01771743895983846
2022-07-05,-0.0074709591124400565
2022-07-06,-0.010674036084334398
2022-07-07,0.0
2022-07-08,0.003624865320480522
2022-07-11,0.0049246108189625794
2022-07-12,0.0
2022-07-13,-0.0030234010245954734
2022-07-14,0.0
2022-07-15,-0.027428962537623086
2022-07-18,0.0069156200787988675
2022-07-19,0.0
2022-07-20,0.0
2022-07-21,0.0
2022-07-22,0.0
2022-07-25,0.0
2022-07-26,0.0
2022-07-27,0.0
2022-07-28,0.0
2022-07-29,-0.005948077496164217
2022-08-01,0.0
2022-08-02,0.006161046708899054
2022-08-03,0.0
2022-08-04,0.0
2022-08-05,0.0
2022-08-08,0.0
2022-08-09,0.0
2022-08-10,-0.011473384304379941
2022-08-11,0.0
2022-08-12,0.0
2022-08-15,0.0
2022-08-16,-0.013303212851405621
2022-08-17,0.0
2022-08-18,0.0
2022-08-19,0.0
2022-08-22,0.0
2022-08-23,-0.002247140381410717
2022-08-24,-0.004356060606060641
2022-08-25,-0.0033305578684429404
2022-08-26,0.0
2022-08-29,0.0008120947593968086
2022-08-30,0.0
2022-08-31,-0.014197964777717342
2022-09-01,0.0
2022-09-02,0.016413030190991718
2022-09-06,0.0
2022-09-07,0.0
2022-09-08,0.0
2022-09-09,-0.007199800931490419
2022-09-12,0.0
2022-09-13,0.00923816215196438
2022-09-14,0.014935367446385905
2022-09-15,0.04333991299527179
2022-09-16,-0.00018450184501844769
2022-09-19,0.0
2022-09-20,0.0
2022-09-21,-0.0032095004664731697
2022-09-22,0.0
2022-09-23,0.0
2022-09-26,0.0
2022-09-27,0.0
2022-09-28,0.0
2022-09-29,0.0005721586322949279
2022-09-30,0.0
2022-10-03,0.0057927580825585245
2022-10-04,0.0014418013166865862
2022-10-05,0.0027022252459230067
2022-10-06,0.0
2022-10-07,0.0
2022-10-10,0.0
2022-10-11,0.019722814498933927
2022-10-12,0.0
2022-10-13,0.0
2022-10-14,0.0
2022-10-17,0.0
2022-10-18,0.0
2022-10-19,0.0
2022-10-20,0.0
2022-10-21,0.0
2022-10-24,0.0
2022-10-25,0.0
2022-10-26,0.0028463467420623
2022-10-27,0.0005510330070643277
2022-10-28,0.0
2022-10-31,-0.0075735730414491775
2022-11-01,-0.04850242777865604
2022-11-02,0.013782884740114576
2022-11-03,-0.025316455696202556
2022-11-04,0.0
2022-11-07,0.0030745527047569944
2022-11-08,0.0
2022-11-09,0.0
2022-11-10,0.0
2022-11-11,0.0
2022-11-14,0.0
2022-11-15,0.0
2022-11-16,0.0
2022-11-17,0.0
2022-11-18,0.0024072887453634173
2022-11-21,0.0
2022-11-22,0.0
2022-11-23,0.0
2022-11-25,0.0
2022-11-28,0.0
2022-11-29,0.0
2022-11-30,0.0
2022-12-01,0.0
2022-12-02,0.0045035242521820895
2022-12-05,-0.004921259842519676
2022-12-06,0.0
2022-12-07,0.0
2022-12-08,0.001891334250343879
2022-12-09,0.0
2022-12-12,0.0
2022-12-13,-0.02083546338541864
2022-12-14,0.0
2022-12-15,0.00763926464522191
2022-12-16,0.0014293100891837884
2022-12-19,0.0
2022-12-20,0.0
2022-12-21,0.0
2022-12-22,0.0
2022-12-23,0.0
2022-12-27,0.004908556032217126
2022-12-28,-0.003937004178520331
2022-12-29,0.0
2022-12-30,0.0
2023-01-03,0.0
2023-01-04,-0.010795213571159396
2023-01-05,3.677257938969336e-05
2023-01-06,0.0
2023-01-09,0.0
2023-01-10,0.015985130111524137
2023-01-11,0.0055683563748080145
2023-01-12,0.0
2023-01-13,0.0
2023-01-17,0.0
2023-01-18,0.0
2023-01-19,0.0
2023-01-20,0.0
2023-01-23,0.0
2023-01-24,0.0
2023-01-25,0.0
2023-01-26,0.0
2023-01-27,0.0
2023-01-30,0.0
2023-01-31,0.0
2023-02-01,0.0
2023-02-02,-0.005642292103260865
2023-02-03,0.0
2023-02-06,0.0028863650025137875
2023-02-07,0.004356251367502506
2023-02-08,-0.008620701591768198
2023-02-09,0.0
2023-02-10,0.0
2023-02-13,-5.776283611091948e-06
2023-02-14,0.0
2023-02-15,0.0
2023-02-16,-0.0014858841010401136
2023-02-17,0.008541720605868885
2023-02-21,0.0
2023-02-22,0.0
2023-02-23,0.0
2023-02-24,-0.007762211283604714
2023-02-27,-0.007884554233150931
2023-02-28,0.00022635194234399414
2023-03-01,0.004612546125461248
2023-03-02,-0.011086611709186178
2023-03-03,0.0
2023-03-06,0.0
2023-03-07,0.022356144701165648
2023-03-08,-0.0017781642818252932
2023-03-09,0.0
2023-03-10,0.0
2023-03-13,0.005840641084325471
2023-03-14,-0.00532674368496346
2023-03-15,-0.026075992746460053
2023-03-16,0.006162771429762848
2023-03-17,-0.015048908954100826
2023-03-20,-0.0054844557112624925
2023-03-21,0.0
2023-03-22,0.0
2023-03-23,0.0
2023-03-24,0.0
2023-03-27,-0.006899055918663799
2023-03-28,-0.01077068965631417
2023-03-29,0.0
2023-03-30,0.0
2023-03-31,-0.006602935510420793
2023-04-03,-0.0054799070076386736
2023-04-04,-0.0009309621963968784
2023-04-05,0.0
2023-04-06,0.0
2023-04-10,0.00815850815850816
2023-04-11,0.0
2023-04-12,0.0
2023-04-13,0.0
2023-04-14,0.0
2023-04-17,0.0
2023-04-18,0.0
2023-04-19,0.0
2023-04-20,-0.011169894893047816
2023-04-21,-0.005237217466153243
2023-04-24,0.0
2023-04-25,0.0
2023-04-26,0.0005200141117019941
2023-04-27,0.0
2023-04-28,0.0
2023-05-01,0.0
2023-05-02,-0.007830883154661905
2023-05-03,-0.021506426257262307
2023-05-04,0.0021122982965721127
2023-05-05,0.0
2023-05-08,-0.013608719320228446
2023-05-09,0.0
2023-05-10,0.0
2023-05-11,0.0
2023-05-12,-0.0014261113434568262
2023-05-15,0.0
2023-05-16,-0.0012793366455381705
2023-05-17,0.0008347245409014992
2023-05-18,0.0
2023-05-19,0.0
2023-05-22,0.0
2023-05-23,0.00698974836905869
2023-05-24,0.0
2023-05-25,0.0
2023-05-26,0.0
2023-05-30,0.0
2023-05-31,0.0
2023-06-01,0.0
2023-06-02,0.013237849112408995
2023-06-05,0.0
2023-06-06,0.0
2023-06-07,0.0
2023-06-08,0.0
2023-06-09,0.0002599354958833233
2023-06-12,0.0
2023-06-13,0.0
2023-06-14,0.0
2023-06-15,0.0
2023-06-16,-0.017254187460110926
2023-06-20,0.0
2023-06-21,-0.009032911035137703
2023-06-22,0.007824143070044698
2023-06-23,0.0
2023-06-26,0.0012954246214872678
2023-06-27,-0.0009357454772301876
2023-06-28,-0.021350364963503676
2023-06-29,-0.00535202504910523
2023-06-30,0.0
2023-07-03,-0.0015251244180446433
2023-07-05,0.01135073461079894
2023-07-06,0.0
2023-07-07,0.0
2023-07-10,0.0
2023-07-11,0.0
2023-07-12,0.002652168946348843
2023-07-13,-0.00711045992742243
2023-07-14,-0.005265374894692476
2023-07-17,0.0
2023-07-18,0.029544316474712118
2023-07-19,0.0
2023-07-20,0.0005152868430092772
2023-07-21,0.0
2023-07-24,0.0
2023-07-25,-0.0018151815181518538
2023-07-26,0.0
2023-07-27,0.0
2023-07-28,-0.002574815098204425
2023-07-31,0.0
2023-08-01,0.0
2023-08-02,-0.0008501898389340901
2023-08-03,-0.0019994332856146935
2023-08-04,0.0
2023-08-07,0.0
2023-08-08,0.0
2023-08-09,-0.00210021002100208
2023-08-10,0.0
2023-08-11,-0.0013903814513468449
2023-08-14,0.0
2023-08-15,0.0
2023-08-16,0.004345361798601899
2023-08-17,0.0
2023-08-18,0.0
2023-08-21,0.0
2023-08-22,-0.0024888263291364954
2023-08-23,0.0
2023-08-24,0.0015988459647987008
2023-08-25,0.0
2023-08-28,0.0148597605723301
2023-08-29,0.0
2023-08-30,-0.004593475533998581
2023-08-31,0.0050071738751904515
2023-09-01,0.0
2023-09-05,-0.0019682045394299186
2023-09-06,0.0
2023-09-07,0.0
2023-09-08,0.0
2023-09-11,0.0
2023-09-12,-0.0003011321443878723
2023-09-13,-0.010206786850477156
2023-09-14,0.0
2023-09-15,0.0
2023-09-18,0.007872006793524011
2023-09-19,0.0028997514498757537
2023-09-20,0.0
2023-09-21,0.0
2023-09-22,0.0016152754793479218
2023-09-25,0.0
2023-09-26,0.0
2023-09-27,0.0
2023-09-28,0.005294715974079434
2023-09-29,0.00888178762364289
2023-10-02,0.017026678209890067
2023-10-03,-0.0015464787565620899
2023-10-04,0.0
2023-10-05,-0.012057200926315112
2023-10-06,0.0
2023-10-09,-0.004665698647429495
2023-10-10,0.002373211656351515
2023-10-11,0.0
2023-10-12,0.0
2023-10-13,0.003779069767441856
2023-10-16,0.004155536433040572
2023-10-17,0.0
2023-10-18,0.0
2023-10-19,0.0
2023-10-20,0.0
2023-10-23,0.0
2023-10-24,0.0
2023-10-25,0.0
2023-10-26,0.0
2023-10-27,0.0
2023-10-30,0.0
2023-10-31,0.0
2023-11-01,0.0
2023-11-02,0.0
2023-11-03,0.0
2023-11-06,0.0
2023-11-07,-0.018995072974786087
2023-11-08,-0.0011332629892942814
2023-11-09,0.009708737864077666
2023-11-10,-0.015071621281839087
2023-11-13,0.003337479193062598
2023-11-14,-0.0009161912186446824
2023-11-15,-0.008633894206475368
2023-11-16,0.0
2023-11-17,0.0
2023-11-20,0.0
2023-11-21,0.0
2023-11-22,0.006387508871540104
2023-11-24,-0.005089202940164239
2023-11-27,0.0
2023-11-28,0.0
2023-11-29,0.0
2023-11-30,0.0
2023-12-01,-0.018241181442758325
2023-12-04,0.007005082841056748
2023-12-05,-0.004295817251930567
2023-12-06,0.0
2023-12-07,0.0006521888401197495
2023-12-08,0.006962065307398402
2023-12-11,0.0
2023-12-12,0.0
2023-12-13,0.0
2023-12-14,0.0
2023-12-15,-0.010642897745169966
2023-12-18,0.007972495107801125
2023-12-19,0.0
2023-12-20,0.0
2023-12-21,0.0
2023-12-22,0.0
2023-12-26,0.0
2023-12-27,0.0
2023-12-28,0.0
2023-12-29,0.02711397731534898
2024-01-02,0.0
2024-01-03,0.0
2024-01-04,0.0
2024-01-05,0.0
2024-01-08,0.0
2024-01-09,0.0
2024-01-10,0.0
2024-01-11,0.0
2024-01-12,0.0
2024-01-16,0.008915612689197605
2024-01-17,0.003586971673908812
2024-01-18,0.0
2024-01-19,0.0
2024-01-22,0.0
2024-01-23,0.0
2024-01-24,0.0
2024-01-25,0.009080790588281734
2024-01-26,-0.0035044699883355346
2024-01-29,-0.0006518940782896943
2024-01-30,0.0
2024-01-31,0.005536832687659365
2024-02-01,0.0
2024-02-02,-0.009226796488749994
2024-02-05,0.0
2024-02-06,0.0
2024-02-07,0.0
2024-02-08,-0.0046270758179248195
2024-02-09,-0.0071490094745908506
2024-02-12,0.006809762566056865
2024-02-13,0.0
2024-02-14,0.0023326827318197463
2024-02-15,-0.009615397856045038
2024-02-16,0.0
2024-02-20,0.025674728356116394
2024-02-21,0.007302088478584823
2024-02-22,0.011562326153119584
2024-02-23,0.0
2024-02-26,0.0
2024-02-27,-0.0015356265356265553
2024-02-28,-0.01151364612815986
2024-02-29,0.016819381218492024
2024-03-01,-0.03299379486608983
2024-03-04,-0.004498687754594249
2024-03-05,0.0
2024-03-06,0.0
2024-03-07,0.0033240313381617814
2024-03-08,0.0
2024-03-11,0.0
2024-03-12,0.0
2024-03-13,0.0008697813121272269
2024-03-14,-0.0031792513172709536
2024-03-15,0.04139095205941934
2024-03-18,0.0008586147681740042
2024-03-19,0.0
2024-03-20,0.0
2024-03-21,0.0
2024-03-22,0.0
2024-03-25,0.0
2024-03-26,0.0
2024-03-27,0.0
2024-03-28,-0.013096611077068387
2024-04-01,0.007352941176470562
2024-04-02,0.0
2024-04-03,-0.022108952149825223
2024-04-04,-0.004999089029799786
2024-04-05,0.0
2024-04-08,0.0
2024-04-09,0.0
2024-04-10,0.0
2024-04-11,0.0
2024-04-12,0.0
2024-04-15,0.0
2024-04-16,0.008392344515322114
2024-04-17,0.0047349409352728244
2024-04-18,-0.001179237377225232
2024-04-19,-0.025064096896826094
2024-04-22,0.0
2024-04-23,-0.012331260298459296
2024-04-24,0.0
2024-04-25,-0.004537200762506743
2024-04-26,0.0
2024-04-29,0.0
2024-04-30,0.010867322259582007
2024-05-01,0.0018547613603601132
2024-05-02,0.001589003365946436
2024-05-03,-0.004936974789915949
2024-05-06,0.005170650500555762
2024-05-07,0.0013969419184651777
2024-05-08,-0.00125091212342332
2024-05-09,0.009118155939263684
2024-05-10,0.0
2024-05-13,-0.0030170049369171448
2024-05-14,0.03693704749048965
2024-05-15,0.0
2024-05-16,0.0
2024-05-17,-0.0030434194508318635
2024-05-20,0.0
2024-05-21,-0.006352087114337546
2024-05-22,0.0
2024-05-23,-0.005238792318135954
2024-05-24,-0.0005353319057815886
2024-05-28,0.0
2024-05-29,0.004718732349018012
2024-05-30,0.0
2024-05-31,-0.0012239403887146505
2024-06-03,0.0076734806525955435
2024-06-04,-0.0029729492885299065
2024-06-05,0.0
2024-06-06,0.0
2024-06-07,0.0035951327433628166
2024-06-10,0.003969779886387026
2024-06-11,0.0
2024-06-12,0.0
2024-06-13,0.0
2024-06-14,0.0
2024-06-17,0.0
2024-06-18,0.0
2024-06-20,0.0
2024-06-21,0.0
2024-06-24,0.0
2024-06-25,0.005576234564100974
2024-06-26,0.0
2024-06-27,0.0
2024-06-28,0.0004306069153574288
2024-07-01,0.0012586532410321372
2024-07-02,-0.0028683722860363137
2024-07-03,0.0
2024-07-05,0.0
2024-07-08,-0.004142069938416981
2024-07-09,0.0
2024-07-10,0.0
2024-07-11,0.0
2024-07-12,0.0
2024-07-15,0.0
2024-07-16,0.005797773654916516
2024-07-17,0.0
2024-07-18,0.0
2024-07-19,0.0
2024-07-22,-4.61171280309175e-05
2024-07-23,0.0
2024-07-24,0.00409301754750846
2024-07-25,0.0
2024-07-26,0.009894330673296314
2024-07-29,0.0
2024-07-30,0.0
2024-07-31,0.021166490413352335
2024-08-01,0.01063977943315565
2024-08-02,0.0
2024-08-05,0.0
2024-08-06,0.020843454242733483
2024-08-07,0.0
2024-08-08,0.0
2024-08-09,0.0
2024-08-12,0.02016926797098262
2024-08-13,0.0
2024-08-14,0.0
2024-08-15,0.0
2024-08-16,-0.0031512847398229016
2024-08-19,0.0
2024-08-20,0.0
2024-08-21,0.0
2024-08-22,0.0
2024-08-23,0.0
2024-08-26,0.0
2024-08-27,-0.014705867621195745
2024-08-28,0.0
2024-08-29,0.0
2024-08-30,0.002339726268259623
2024-09-03,0.0
2024-09-04,-0.01623135307243752
2024-09-05,0.0
2024-09-06,0.0
2024-09-09,0.0031287109040434302
2024-09-10,0.0
2024-09-11,0.0
2024-09-12,0.0
2024-09-13,0.0
2024-09-16,0.0
2024-09-17,-0.011593362714626465
2024-09-18,0.0
2024-09-19,-0.01819471794225569
2024-09-20,0.0
2024-09-23,0.0
2024-09-24,0.0
2024-09-25,0.0001693339727762977
2024-09-26,0.0
2024-09-27,0.004365854960933391
2024-09-30,-0.003618219714801474
2024-10-01,0.0
2024-10-02,0.0
2024-10-03,0.0
2024-10-04,-0.0030003489878354106
2024-10-07,0.0
2024-10-08,0.0
2024-10-09,-0.0019612309201383128
2024-10-10,0.0
2024-10-11,0.0
2024-10-14,0.0
2024-10-15,0.0
2024-10-16,0.0
2024-10-17,0.0
2024-10-18,0.0
2024-10-21,-0.012669501512909909
2024-10-22,0.0
2024-10-23,0.0
2024-10-24,0.0
2024-10-25,-0.016666645638189093
2024-10-28,0.0
2024-10-29,0.00023450691275778146
2024-10-30,0.0
2024-10-31,0.005758734431669188
2024-11-01,5.478742701214845e-05
2024-11-04,0.0
2024-11-05,0.0
2024-11-06,0.0
2024-11-07,0.012229164739635793
2024-11-08,0.0075968884578063445
2024-11-11,0.0
2024-11-12,-0.0021445985334919704
2024-11-13,-0.0188127621710944
2024-11-14,0.0
2024-11-15,0.0
2024-11-18,0.0
2024-11-19,0.0
2024-11-20,0.0
2024-11-21,-0.005331605073736867
2024-11-22,0.0
2024-11-25,-0.010816436771487359
2024-11-26,0.0006687557197133653
2024-11-27,0.0
2024-11-29,0.0
2024-12-02,0.0
2024-12-03,0.0
2024-12-04,0.0
2024-12-05,0.0
2024-12-06,0.0
2024-12-09,0.0
2024-12-10,0.0
2024-12-11,0.0
2024-12-12,0.0
2024-12-13,-0.00917445789779009
2024-12-16,0.022317188983855596
2024-12-17,0.0031154239019407504
2024-12-18,-0.00478831987389966
2024-12-19,0.005910165484633523
2024-12-20,0.009727091280209654
2024-12-23,0.0
2024-12-24,0.004609618312657493
2024-12-26,0.0
2024-12-27,-0.040944953296454145
2024-12-30,0.06830304227578032
2024-12-31,0.015595487542059722
2025-01-02,0.0
2025-01-03,0.0
2025-01-06,0.0
2025-01-07,-0.004058661948901809
2025-01-08,0.0
2025-01-09,0.0
2025-01-10,0.0
2025-01-13,0.00045383348687076924
2025-01-14,0.0
2025-01-15,0.0
2025-01-16,-0.003256816492100967
2025-01-17,0.0
2025-01-21,0.0
2025-01-22,0.004250559284116329
2025-01-23,0.0
2025-01-24,0.0
2025-01-27,0.0
2025-01-28,0.0003408097134374455
2025-01-29,0.0
2025-01-30,0.0
2025-01-31,-0.0004922909498590311
2025-02-03,0.012981569316862784
2025-02-04,0.0044151961917877625
2025-02-05,0.0
2025-02-06,0.0
2025-02-07,0.0
2025-02-10,-0.012987008256157173
2025-02-11,0.0
2025-02-12,0.0
2025-02-13,0.0
2025-02-14,0.0
2025-02-18,0.008322929389379174
2025-02-19,0.0
2025-02-20,-0.0020380182048140294
2025-02-21,0.0
2025-02-24,-0.0325721961047683
2025-02-25,0.0
2025-02-26,0.0
2025-02-27,-0.023013538848922432
2025-02-28,-0.008337068552926513
2025-03-03,0.0
2025-03-04,0.0033333950319290595
2025-03-05,0.0025789788048191653
2025-03-06,-0.0013112146517507695
2025-03-07,-0.0067292690908877795
2025-03-10,0.0
2025-03-11,0.0
2025-03-12,0.0
2025-03-13,0.0
2025-03-14,0.0
2025-03-17,0.0
2025-03-18,0.00275931161846546
2025-03-19,0.0
2025-03-20,0.0
2025-03-21,0.0
2025-03-24,0.0
2025-03-25,0.0
2025-03-26,0.0
2025-03-27,0.0
2025-03-28,0.0
2025-03-31,0.0
2025-04-01,0.001958634551912364
2025-04-02,0.0
2025-04-03,-0.018008474576271194
2025-04-04,-0.027089757628501507
2025-04-07,-0.009320088926060899
2025-04-08,0.003333799259397252
2025-04-09,0.0
2025-04-10,0.008895078268203876
2025-04-11,-0.010617393673436726
2025-04-14,0.007422402159244279
2025-04-15,-0.011409273810578435
2025-04-16,0.0
2025-04-17,0.0
2025-04-21,0.0
2025-04-22,0.0
2025-04-23,0.0
2025-04-24,0.008500434994010653
2025-04-25,0.0
2025-04-28,0.0
2025-04-29,0.0
2025-04-30,0.007328990228013033
2025-05-01,0.0
2025-05-02,0.0
2025-05-05,-0.0012111582231838502
2025-05-06,0.0011198208286674616
2025-05-07,0.0
2025-05-08,0.0
2025-05-09,-0.0005998037796218214
2025-05-12,0.0
2025-05-13,-0.000586303939962507
2025-05-14,0.0020646937370956686
2025-05-15,0.0
2025-05-16,0.007273580478648511
2025-05-19,0.0
2025-05-20,0.0
2025-05-21,-0.0018137974110104815
2025-05-22,0.0
2025-05-23,0.0
2025-05-27,0.0
2025-05-28,0.0
2025-05-29,0.0
2025-05-30,0.0
2025-06-02,0.0
2025-06-03,0.001726771754331946
2025-06-04,0.0
2025-06-05,0.0
2025-06-06,0.0
2025-06-09,-0.011220087392033173
2025-06-10,0.0
2025-06-11,0.0
2025-06-12,0.0030867658737517654
2025-06-13,0.0
2025-06-16,0.0026810476999929076
2025-06-17,0.013317207078249071
2025-06-18,0.0
2025-06-20,0.005659555942533756
2025-06-23,0.04314930842889231
2025-06-24,-0.02673575834478345
2025-06-25,-0.004048174148042538
2025-06-26,0.0
2025-06-27,-0.0036489608728869083
2025-06-30,0.03784434155695682
2025-07-01,0.0
2025-07-02,0.0
2025-07-03,-0.00273679200380772
2025-07-07,0.00305245663139625
2025-07-08,0.0
2025-07-09,0.01784764744425843
2025-07-10,0.0
2025-07-11,0.0
2025-07-14,0.009729692484724078
2025-07-15,0.0
2025-07-16,0.0
2025-07-17,0.0
2025-07-18,0.03358872622793818
2025-07-21,0.0
2025-07-22,0.0
2025-07-23,0.0
2025-07-24,0.0
2025-07-25,0.0
2025-07-28,0.0
2025-07-29,0.0
2025-07-30,-0.008230451048286624
2025-07-31,0.0
2025-08-01,0.009467703078613887
2025-08-04,-0.002184407841940868
2025-08-05,0.0
2025-08-06,0.0
2025-08-07,0.0
2025-08-08,0.0
